customer_id,gender,past_3_years_bike_related_purchases,job_industry_category,wealth_segment,owns_car,tenure,Age
1,1,93,1,1,1,11,64
2,0,81,2,1,1,16,37
3,0,61,3,1,1,15,63
4,0,33,4,1,0,7,56
5,1,56,,2,1,8,40
6,0,35,5,3,1,13,51
7,1,6,2,2,1,11,41
8,0,31,,1,0,7,55
9,1,97,6,2,1,8,44
10,1,49,2,1,1,20,29
11,0,99,3,1,0,9,63
12,0,58,7,1,0,8,23
13,0,38,2,3,1,8,62
14,1,85,2,2,0,6,34
15,0,91,7,1,0,1,17
16,0,38,,1,1,18,40
17,0,57,,2,1,15,55
18,1,79,,2,0,11,50
19,1,76,7,3,0,1,16
20,0,72,7,1,0,11,37
21,0,74,7,2,1,16,37
22,1,79,4,1,0,11,55
23,0,43,,3,1,1,22
24,1,55,6,1,1,15,40
25,0,72,2,1,1,21,41
26,1,12,2,1,1,16,39
27,0,37,1,1,1,12,39
28,0,5,1,2,1,21,44
29,1,62,7,1,0,19,49
30,0,18,4,2,1,6,56
31,1,3,8,3,1,14,55
32,1,17,7,2,0,4,22
33,0,44,,2,1,11,60
34,2,59,4,2,0,20,174
35,1,40,1,3,1,16,54
36,1,33,,2,0,22,40
37,1,46,1,3,0,16,32
38,1,37,2,2,0,20,62
39,0,5,9,1,0,22,38
40,1,91,7,2,0,14,36
41,0,64,1,1,0,16,41
42,1,24,7,1,0,18,40
43,1,38,5,1,0,5,34
44,0,63,9,2,1,17,36
45,0,64,2,1,0,8,42
46,1,98,,2,1,15,45
47,0,51,1,2,0,2,25
48,1,46,,1,1,8,42
49,0,63,,2,0,1,23
50,0,38,7,1,1,16,37
51,0,68,5,1,0,18,58
52,0,57,2,1,1,13,29
53,1,22,2,1,0,16,63
54,1,2,3,1,1,18,51
55,0,48,2,2,1,7,61
56,0,44,3,1,1,4,21
57,0,87,,1,1,13,29
58,1,26,2,2,1,17,50
59,0,60,,3,0,3,17
60,1,18,7,1,0,10,47
61,1,47,3,3,0,13,58
62,1,38,4,1,1,22,38
63,1,58,5,1,1,16,52
64,0,73,4,3,0,4,39
65,0,21,2,2,1,15,41
66,0,46,6,3,0,1,15
67,0,67,5,1,0,18,57
68,1,37,,2,0,9,43
69,1,16,,1,0,6,48
70,0,78,2,2,0,8,24
71,0,30,6,2,1,12,32
72,0,93,7,2,1,16,45
73,1,16,,2,1,5,57
74,1,94,,1,1,6,48
75,1,28,3,1,0,19,39
76,1,20,5,3,1,18,39
77,0,79,2,1,0,7,28
78,0,37,6,2,0,8,32
79,1,76,7,1,0,18,49
80,0,11,9,1,0,13,39
81,1,58,1,3,0,13,31
82,1,93,3,3,0,19,52
83,0,97,4,1,1,18,50
84,0,78,,1,1,14,59
85,0,1,,1,0,8,59
86,0,75,1,3,1,7,28
87,0,78,2,1,0,8,43
88,1,41,3,3,1,7,51
89,0,74,1,1,1,14,50
90,0,76,7,1,0,11,33
91,0,69,2,2,1,17,62
92,1,98,1,1,0,12,37
93,0,63,5,1,1,10,41
94,0,33,7,1,0,21,43
95,1,67,7,2,1,8,57
96,0,33,7,1,0,15,49
97,0,16,2,1,1,10,38
98,1,19,1,1,0,7,61
99,0,97,2,1,0,3,19
100,0,80,2,1,1,4,49
101,0,83,7,3,0,11,42
102,0,51,7,2,0,16,61
103,1,49,2,2,1,4,20
104,1,40,1,1,1,9,39
105,1,25,7,1,0,1,16
106,0,54,1,3,1,18,51
107,1,97,2,1,1,9,27
108,1,4,,3,0,3,23
109,0,16,,2,1,4,39
110,0,23,2,2,0,1,17
111,1,65,,1,0,2,24
112,1,88,5,3,0,12,42
113,0,67,,1,0,20,61
114,1,10,9,2,0,8,32
115,0,77,1,1,0,18,36
116,0,49,7,2,1,2,18
117,1,75,7,1,0,15,35
118,0,43,,3,0,19,58
119,0,9,,3,1,9,36
120,0,80,2,3,1,4,39
121,0,82,7,1,0,15,60
122,0,87,2,1,1,12,38
123,1,85,2,3,0,15,29
124,1,27,1,3,1,5,22
125,1,94,3,1,0,16,57
126,0,53,1,1,1,3,25
127,1,81,2,1,0,19,43
128,0,73,3,1,1,12,40
129,0,64,2,3,1,19,32
130,0,32,7,1,0,1,20
131,1,57,5,3,0,8,53
132,1,5,7,1,1,9,54
133,0,12,2,1,1,16,40
134,1,34,8,2,1,5,20
135,1,18,4,1,0,3,42
136,0,46,7,3,1,7,44
137,0,27,3,3,0,10,30
138,0,5,2,2,1,13,32
139,0,1,8,2,0,4,53
140,0,9,7,1,0,2,23
141,0,67,2,3,1,10,63
142,0,57,1,2,0,17,50
143,0,19,6,1,1,11,60
144,2,71,4,1,0,,
145,0,33,2,1,0,4,20
146,0,34,7,1,0,8,32
147,1,32,1,1,1,10,44
148,1,69,,1,1,5,36
149,1,41,1,1,1,1,22
150,0,6,2,2,0,17,34
151,0,36,7,1,1,13,52
152,1,5,2,1,0,16,36
153,1,73,9,1,1,12,40
154,1,90,,1,0,11,59
155,0,4,7,1,0,10,32
156,1,23,2,1,1,11,38
157,0,97,2,2,0,16,43
158,0,99,,2,0,5,33
159,0,90,1,2,0,13,30
160,0,5,1,1,0,18,53
161,0,49,,1,0,16,41
162,0,90,4,1,0,15,38
163,1,58,9,3,1,14,41
164,1,55,5,2,1,1,18
165,0,61,6,1,1,12,33
166,0,54,7,2,0,6,62
167,1,95,1,3,1,17,48
168,2,8,4,2,1,,
169,0,20,8,3,1,5,60
170,0,80,1,3,0,21,42
171,1,62,7,1,0,10,47
172,0,54,7,2,1,6,29
173,1,99,1,2,0,1,20
174,1,93,1,1,0,12,28
175,0,36,7,2,0,5,42
176,0,39,3,1,0,10,25
177,1,25,2,3,0,4,28
178,0,2,,2,0,8,50
179,0,23,7,3,1,6,51
180,1,16,6,2,0,14,46
181,1,49,7,1,0,9,35
182,0,99,2,2,1,7,25
183,1,7,5,2,0,3,20
184,0,40,7,3,1,7,46
185,0,80,3,1,1,13,38
186,1,46,2,1,0,3,43
187,0,97,,1,0,11,63
188,1,54,3,3,1,13,42
189,0,73,2,2,0,10,36
190,1,42,1,2,0,10,38
191,0,22,,2,1,6,57
192,1,2,1,1,1,8,39
193,0,13,7,1,1,12,53
194,1,4,2,2,0,10,43
195,1,34,7,1,0,6,59
196,0,90,7,3,0,6,51
197,1,32,,3,0,5,40
198,1,82,9,1,0,16,36
199,1,61,1,1,1,21,39
200,0,7,3,2,1,19,60
201,0,45,7,1,1,11,51
202,1,38,9,2,1,16,54
203,0,71,6,1,1,11,53
204,0,56,2,1,0,5,41
205,0,18,2,1,1,6,59
206,1,98,,1,1,14,63
207,1,9,,1,0,7,23
208,0,57,3,3,0,5,23
209,0,9,,2,1,6,60
210,0,50,3,1,0,18,54
211,1,6,7,1,1,5,43
212,1,21,4,2,0,1,16
213,0,13,2,3,1,6,21
214,0,82,1,1,0,6,60
215,1,37,5,3,1,18,43
216,1,12,2,3,1,7,22
217,1,63,7,3,0,16,38
218,1,37,3,3,1,8,24
219,0,9,1,1,0,7,53
220,1,79,7,3,0,9,63
221,1,14,7,1,0,14,37
222,0,89,1,1,0,16,39
223,0,13,,2,1,14,34
224,0,2,2,2,0,17,50
225,1,84,1,2,0,13,40
226,0,96,7,1,0,20,40
227,0,99,9,1,0,18,44
228,1,59,7,3,0,12,31
229,0,30,3,3,0,19,51
230,1,74,3,3,0,11,63
231,0,48,2,1,1,3,22
232,1,94,5,1,0,12,30
233,0,34,3,1,0,13,31
234,1,71,5,3,0,12,48
235,1,30,1,1,0,15,41
236,0,79,1,2,0,14,63
237,0,18,3,3,1,11,43
238,0,54,,1,1,14,33
239,0,62,1,2,0,3,25
240,0,49,4,3,1,15,28
241,0,94,9,1,0,20,30
242,0,17,3,2,0,8,25
243,1,94,7,3,1,14,41
244,0,57,5,2,0,8,43
245,1,6,2,2,0,1,16
246,1,63,7,3,0,9,26
247,1,62,2,3,1,13,34
248,1,76,1,2,1,12,39
249,0,65,4,3,0,9,25
250,0,53,1,1,1,13,29
251,1,88,2,2,1,10,40
252,1,39,3,1,1,13,34
253,1,82,1,1,1,1,20
254,1,98,5,1,0,14,56
255,1,2,4,1,0,5,63
256,1,16,1,3,1,21,42
257,1,70,7,2,1,19,51
258,1,24,7,3,0,9,25
259,1,70,1,3,1,3,34
260,1,47,1,3,1,22,38
261,0,74,,1,0,8,40
262,0,97,1,3,1,10,40
263,1,89,1,3,0,7,32
264,0,31,1,1,0,11,40
265,0,74,5,3,1,18,52
266,1,69,5,2,0,18,28
267,2,53,4,3,0,,
268,1,60,7,1,0,10,39
269,0,55,3,1,1,9,63
270,1,38,,1,1,17,47
271,1,51,2,1,0,4,26
272,1,22,5,1,1,1,30
273,0,54,,1,0,19,54
274,1,66,1,1,1,14,41
275,0,7,1,3,0,13,62
276,1,47,2,1,0,22,27
277,1,69,,3,0,15,61
278,0,22,,2,1,4,20
279,1,0,7,1,0,11,36
280,0,15,,2,1,5,22
281,1,51,2,3,1,8,45
282,0,82,6,3,1,11,28
283,1,34,5,1,0,2,26
284,0,38,2,3,1,9,31
285,1,3,7,1,0,12,40
286,0,99,7,2,1,11,28
287,1,41,7,2,0,4,32
288,0,71,7,3,0,9,32
289,1,43,1,3,0,10,47
290,2,42,4,1,0,,
291,1,63,9,1,0,4,46
292,1,42,,2,1,9,56
293,0,80,7,1,1,20,28
294,0,39,,3,0,5,58
295,1,64,,1,1,18,53
296,0,34,1,3,1,17,45
297,1,33,7,3,0,16,58
298,0,69,7,3,0,9,61
299,1,80,2,1,1,7,61
300,0,88,1,1,0,9,61
301,1,54,7,3,0,19,37
302,1,32,1,1,0,13,40
303,1,59,6,1,1,14,43
304,0,36,7,1,1,15,48
305,1,1,2,1,0,11,43
306,0,19,1,3,0,18,44
307,0,55,1,2,1,12,33
308,0,2,4,3,0,4,34
309,1,53,1,1,1,21,43
310,1,0,2,1,1,18,32
311,1,86,1,3,0,12,60
312,0,44,2,2,1,6,59
313,0,70,7,1,1,13,30
314,1,27,5,3,1,5,55
315,1,67,7,2,0,12,59
316,1,72,7,1,1,10,41
317,1,26,9,1,1,14,43
318,1,21,5,2,1,18,48
319,1,32,5,1,1,14,46
320,0,19,1,1,0,4,20
321,1,58,,1,0,18,44
322,1,19,2,1,1,11,40
323,1,54,1,1,1,7,44
324,0,97,4,1,1,15,31
325,1,98,2,2,1,17,46
326,1,74,2,1,0,6,37
327,1,10,1,1,0,12,49
328,1,87,7,1,0,12,26
329,0,25,9,3,1,12,33
330,0,78,7,3,1,7,58
331,0,87,1,1,1,3,19
332,1,23,1,3,0,14,39
333,1,25,2,2,1,8,52
334,1,71,2,2,1,3,18
335,1,20,,2,0,8,34
336,1,91,7,3,0,3,37
337,1,67,6,3,1,12,38
338,1,33,1,1,0,19,59
339,1,56,1,1,0,12,37
340,0,39,6,1,1,17,44
341,0,10,2,1,0,5,41
342,0,40,1,3,0,2,30
343,1,76,3,2,0,13,60
344,1,91,,3,1,4,44
345,1,74,1,3,1,17,28
346,0,68,2,1,0,3,36
347,0,50,2,1,0,9,52
348,0,20,5,1,1,9,37
349,1,35,7,3,0,4,36
350,1,47,1,1,1,9,40
351,0,69,1,1,1,2,18
352,0,12,5,1,0,4,38
353,1,9,,1,0,3,37
354,1,87,3,1,0,9,37
355,1,97,5,1,1,3,38
356,1,10,9,3,0,5,42
357,1,21,,2,0,18,48
358,1,54,,1,0,18,32
359,1,2,7,2,1,6,59
360,1,64,3,1,1,19,61
361,1,59,1,1,1,2,18
362,1,47,2,3,1,18,43
363,1,82,5,1,1,7,29
364,1,96,2,2,0,11,41
365,1,98,3,3,0,15,41
366,1,7,9,3,0,19,63
367,1,93,7,1,1,12,32
368,1,32,2,3,0,6,31
369,0,19,2,1,1,9,26
370,0,91,8,2,1,3,19
371,0,7,2,1,0,7,63
372,1,19,3,2,1,4,30
373,1,95,1,3,1,1,17
374,0,81,2,1,1,8,25
375,0,13,7,1,1,7,41
376,1,60,2,1,1,19,51
377,0,65,6,1,0,1,18
378,1,98,5,1,0,17,43
379,0,2,7,3,1,4,37
380,1,66,3,1,0,17,61
381,1,99,,2,0,1,21
382,0,68,1,1,1,7,32
383,0,37,,2,0,14,39
384,1,70,2,2,0,17,41
385,0,69,1,3,0,9,51
386,1,63,6,1,0,5,27
387,0,34,2,1,0,22,40
388,1,53,2,1,1,11,51
389,1,97,9,2,1,17,42
390,0,83,1,2,0,3,20
391,0,80,6,1,0,16,47
392,0,38,3,1,0,13,39
393,0,35,7,1,1,9,62
394,1,70,1,3,1,16,40
395,0,28,5,3,1,9,41
396,1,98,8,3,1,16,50
397,1,86,2,2,1,5,36
398,1,20,5,2,0,11,48
399,0,26,7,2,1,16,41
400,1,86,2,1,0,5,55
401,1,56,5,1,0,15,31
402,0,9,5,2,0,22,40
403,1,40,,1,1,17,42
404,0,92,2,2,1,4,22
405,1,19,7,3,1,14,46
406,1,58,2,3,0,12,30
407,1,82,,3,1,15,38
408,0,79,2,2,0,11,26
409,1,84,1,1,1,13,39
410,1,14,,1,1,11,27
411,1,84,2,3,0,12,40
412,1,65,4,3,0,19,57
413,0,79,,3,1,19,60
414,0,12,1,3,0,10,41
415,1,20,2,2,1,18,62
416,1,14,,1,1,1,20
417,1,37,6,1,0,15,46
418,1,56,,1,0,6,59
419,1,34,7,2,0,17,36
420,0,93,9,3,0,7,59
421,1,26,5,1,1,2,18
422,0,78,7,2,0,1,15
423,0,43,,1,0,9,61
424,0,77,1,3,0,9,39
425,1,60,5,1,1,20,64
426,1,10,7,2,0,8,45
427,0,77,9,1,1,2,21
428,1,0,1,3,1,14,40
429,1,7,4,3,1,21,39
430,1,46,2,3,1,11,44
431,0,8,1,2,1,18,61
432,0,83,7,2,1,10,27
433,0,94,3,2,0,15,53
434,0,93,2,1,1,19,22
435,0,5,8,1,0,1,18
436,0,75,4,1,0,18,60
437,0,24,7,2,1,17,41
438,0,25,3,3,1,13,28
439,1,26,,2,0,10,43
440,1,46,8,1,0,10,40
441,1,74,4,1,0,11,43
442,0,2,2,1,0,1,16
443,1,21,6,3,1,10,45
444,1,32,7,1,1,8,50
445,0,91,2,1,0,5,33
446,1,73,4,2,1,4,39
447,1,98,6,1,1,1,16
448,1,34,4,3,0,3,22
449,1,74,7,3,1,6,43
450,1,5,9,1,1,18,42
451,2,37,4,3,0,,
452,1,22,3,1,1,5,58
453,2,81,4,3,0,,
454,2,58,1,2,1,,
455,0,97,7,1,1,5,26
456,0,47,7,2,1,17,42
457,1,70,2,3,1,17,37
458,0,57,7,2,1,18,48
459,1,88,7,1,1,13,31
460,1,0,7,2,1,16,31
461,1,19,1,1,1,14,38
462,1,32,7,2,1,5,57
463,1,9,2,1,1,20,55
464,1,32,,1,1,10,59
465,1,54,2,2,1,14,41
466,0,84,7,2,1,2,26
467,0,51,3,2,0,15,63
468,1,11,3,3,1,8,43
469,0,91,2,3,1,3,21
470,0,22,5,1,0,1,16
471,1,82,2,2,0,14,61
472,1,38,2,1,1,8,27
473,0,2,1,1,1,20,40
474,1,86,9,2,0,18,34
475,0,0,7,2,0,1,21
476,0,65,,1,0,14,28
477,1,32,2,3,1,13,57
478,1,65,,2,1,5,56
479,1,11,4,1,1,4,23
480,2,67,1,1,1,,
481,1,68,6,1,0,8,27
482,0,33,1,1,0,20,55
483,0,35,5,2,0,9,44
484,0,64,7,1,0,22,43
485,1,23,7,3,0,20,43
486,1,0,7,2,1,15,62
487,1,70,1,1,0,10,38
488,1,24,3,1,1,10,37
489,1,18,5,1,1,4,46
490,1,44,6,1,0,6,25
491,0,45,3,2,1,19,41
492,0,54,2,1,0,21,41
493,1,83,7,1,1,5,57
494,0,33,7,1,0,9,42
495,0,91,2,1,1,6,58
496,1,25,2,2,1,11,41
497,1,96,3,1,1,11,43
498,1,58,7,3,1,10,39
499,0,39,2,2,0,19,56
500,0,19,5,2,1,10,25
501,1,94,,3,0,19,40
502,1,39,7,1,0,18,47
503,0,87,1,2,1,10,28
504,0,93,7,3,1,7,22
505,1,40,,3,1,10,51
506,1,43,5,1,0,21,32
507,1,98,1,1,0,7,46
508,1,94,3,1,1,11,46
509,0,64,2,2,1,21,38
510,1,61,,1,0,2,25
511,1,92,1,3,0,10,35
512,0,76,2,1,0,6,62
513,2,30,4,1,0,,
514,0,9,2,1,1,4,21
515,1,55,4,3,0,8,28
516,0,23,2,1,0,20,59
517,1,73,3,1,1,3,32
518,0,60,5,1,1,10,26
519,0,83,,1,1,1,17
520,1,66,2,2,1,15,53
521,1,29,1,3,0,16,39
522,1,64,,2,1,16,41
523,1,44,2,2,1,16,43
524,1,16,5,1,0,11,55
525,0,64,7,1,1,9,37
526,2,9,1,1,1,,
527,1,81,2,1,1,9,27
528,1,10,1,1,0,4,38
529,0,18,5,2,1,10,28
530,0,2,7,1,0,15,43
531,1,94,2,3,0,1,24
532,1,25,2,2,0,19,56
533,0,40,5,1,0,11,36
534,1,2,,1,0,12,63
535,1,67,,2,0,3,24
536,1,64,7,2,0,16,58
537,1,16,9,3,0,7,28
538,1,33,7,1,1,5,61
539,0,53,1,3,0,15,42
540,1,80,7,1,0,1,16
541,1,23,7,2,1,13,51
542,1,78,7,1,0,18,50
543,0,9,5,2,1,17,44
544,0,51,7,3,1,5,27
545,1,43,1,1,1,18,39
546,1,80,1,1,1,12,36
547,1,22,1,1,0,5,21
548,2,84,4,3,1,,
549,0,84,5,1,1,2,32
550,1,16,5,1,0,15,41
551,1,8,2,3,0,9,30
552,0,66,7,3,1,20,39
553,1,62,6,2,1,7,38
554,1,33,1,1,1,7,62
555,0,99,3,1,0,4,47
556,1,69,,1,0,11,60
557,1,67,7,2,1,18,56
558,1,96,,1,0,8,44
559,1,39,5,3,1,16,29
560,1,1,1,2,0,8,64
561,1,99,,1,0,12,40
562,1,88,,1,0,17,47
563,0,25,4,1,1,19,43
564,1,7,5,3,0,7,34
565,0,30,7,1,1,16,58
566,1,66,2,3,1,9,39
567,0,73,2,2,0,16,52
568,0,32,7,1,0,13,60
569,0,30,4,1,0,10,41
570,0,14,2,1,1,15,39
571,1,30,9,1,0,6,59
572,0,0,1,3,1,5,50
573,0,39,,1,0,2,23
574,0,95,2,1,0,20,27
575,0,64,2,3,1,11,61
576,0,98,5,1,1,7,40
577,1,41,3,1,1,19,61
578,1,72,,3,1,3,22
579,1,89,1,1,0,12,43
580,0,83,2,1,1,14,42
581,1,32,2,1,1,16,48
582,2,21,4,2,0,,
583,0,97,1,1,0,4,31
584,1,10,7,2,1,19,22
585,1,66,1,1,1,10,39
586,1,63,7,1,0,4,18
587,0,43,1,1,1,19,51
588,0,15,9,1,0,11,54
589,0,76,2,1,1,1,22
590,1,85,1,1,1,11,29
591,0,16,9,2,0,16,43
592,0,73,7,1,0,2,25
593,0,64,,1,0,4,33
594,0,74,,1,0,13,37
595,0,72,2,1,0,22,44
596,1,9,3,2,0,13,49
597,1,6,7,1,0,6,63
598,0,25,2,3,0,12,50
599,2,48,2,1,1,,
600,0,65,6,1,1,8,43
601,0,56,5,3,1,4,25
602,1,0,,3,1,9,25
603,1,28,2,2,0,11,30
604,1,72,4,2,0,3,19
605,0,13,7,1,1,5,45
606,1,62,7,1,1,2,28
607,1,55,1,1,0,15,41
608,1,55,5,3,1,12,37
609,1,32,1,1,0,1,17
610,0,45,2,1,1,15,59
611,0,58,7,1,1,16,31
612,0,50,1,1,0,14,55
613,1,4,3,3,0,17,28
614,1,45,7,1,1,11,22
615,1,93,3,1,0,19,61
616,1,36,1,3,0,6,22
617,1,81,3,1,0,15,57
618,0,17,7,2,1,18,55
619,0,39,3,1,0,20,40
620,1,54,2,1,1,5,44
621,0,78,,3,0,14,53
622,0,18,2,1,0,17,49
623,0,52,3,3,0,4,29
624,0,44,7,1,1,13,41
625,1,33,9,3,1,7,43
626,0,12,7,1,0,2,25
627,1,24,,3,0,10,47
628,1,14,2,1,0,13,36
629,0,29,7,3,0,6,57
630,0,90,3,2,1,17,31
631,1,33,1,2,0,17,51
632,0,67,1,1,0,1,19
633,0,51,,3,1,11,31
634,1,35,7,1,0,15,39
635,1,78,,1,1,9,41
636,1,42,,1,0,19,46
637,1,60,1,3,0,13,41
638,0,19,7,3,0,13,50
639,0,51,7,1,0,16,43
640,0,12,9,3,1,10,42
641,0,86,7,2,0,3,43
642,0,9,3,1,0,12,45
643,1,48,9,1,1,10,35
644,0,59,1,2,0,2,18
645,0,50,,3,0,11,46
646,1,3,7,2,0,13,44
647,0,61,5,1,1,10,60
648,0,86,2,1,1,9,39
649,1,23,2,1,1,10,43
650,0,81,1,1,0,13,40
651,1,76,1,2,0,13,44
652,1,62,2,3,1,1,21
653,0,68,2,2,1,19,49
654,1,2,7,2,0,5,24
655,0,64,7,2,1,19,43
656,1,80,7,3,1,8,39
657,0,66,7,2,0,10,24
658,0,38,7,2,1,8,73
659,1,44,2,2,1,15,38
660,1,82,7,3,0,6,22
661,1,35,4,3,0,14,29
662,1,41,7,1,1,5,50
663,0,27,3,2,1,3,20
664,0,38,1,3,0,4,23
665,0,82,,1,0,5,20
666,1,82,1,3,1,15,34
667,1,62,7,3,1,3,23
668,1,61,1,1,0,7,51
669,1,73,,1,0,3,37
670,1,75,5,2,0,8,25
671,0,49,6,1,0,5,33
672,0,53,5,3,0,12,40
673,0,35,1,1,1,4,42
674,1,61,,1,0,5,63
675,1,37,2,1,1,17,41
676,0,51,,3,1,14,49
677,0,59,2,1,0,5,20
678,1,57,4,3,0,2,22
679,1,29,1,1,0,12,43
680,2,22,4,3,1,,
681,1,55,7,1,1,17,39
682,0,53,1,2,1,7,46
683,0,60,7,1,1,10,55
684,0,88,2,1,0,14,30
685,2,28,4,1,0,,
686,1,60,6,3,1,5,63
687,0,25,5,3,1,5,58
688,0,90,1,3,0,9,48
689,0,91,9,3,1,16,51
690,0,95,,2,1,17,30
691,0,29,2,2,1,5,63
692,0,42,3,1,0,7,30
693,1,46,2,2,1,19,47
694,1,66,1,1,0,13,49
695,0,36,1,3,0,11,40
696,0,57,,2,1,6,51
697,0,25,9,1,0,10,31
698,1,90,7,3,1,1,21
699,1,16,4,2,1,16,45
700,0,67,2,1,0,4,27
701,0,18,1,1,1,8,61
702,1,72,,1,0,8,57
703,1,66,3,1,0,15,51
704,1,49,1,1,0,4,19
705,0,48,5,3,0,14,53
706,0,44,2,3,1,5,27
707,0,97,,1,1,7,44
708,1,31,4,1,1,10,30
709,1,83,2,1,1,5,38
710,0,76,5,3,1,13,47
711,1,60,,2,0,7,45
712,1,22,4,1,0,14,56
713,1,34,,1,1,4,23
714,0,12,7,3,1,15,53
715,0,50,,1,0,6,49
716,1,31,1,1,0,11,38
717,0,65,7,1,1,11,41
718,1,38,7,1,1,7,39
719,0,2,5,1,0,14,64
720,0,67,5,2,0,6,86
721,1,84,,2,1,1,24
722,0,69,4,1,0,5,61
723,1,41,1,1,1,6,54
724,0,7,2,1,1,4,42
725,0,61,1,3,1,19,52
726,1,69,1,1,1,10,39
727,0,98,7,1,0,3,39
728,0,60,2,1,1,8,61
729,1,30,1,2,0,11,44
730,0,42,,1,0,14,49
731,1,57,,1,0,6,48
732,1,71,2,1,0,5,50
733,0,25,7,1,0,13,44
734,0,34,5,2,0,11,37
735,0,33,2,1,1,11,52
736,0,41,,3,0,8,43
737,1,75,,1,0,16,34
738,1,51,6,1,1,9,33
739,0,36,7,1,0,8,53
740,0,9,2,2,0,6,23
741,1,16,,1,0,11,38
742,0,55,7,1,0,15,51
743,0,89,2,1,1,13,36
744,0,54,7,2,1,14,40
745,1,84,7,1,1,13,39
746,0,47,,2,1,17,53
747,1,91,,1,0,7,39
748,1,51,2,3,0,7,36
749,0,47,6,1,0,19,45
750,0,42,5,2,1,7,22
751,1,41,2,2,0,1,16
752,0,13,2,3,0,12,56
754,1,15,2,1,0,14,38
755,0,31,2,1,0,4,24
756,1,65,7,1,1,16,43
757,0,91,2,1,0,18,40
758,1,99,7,3,1,11,50
759,0,89,1,3,0,13,54
760,0,46,,1,1,18,39
761,0,12,1,2,1,4,40
762,0,91,,1,1,22,37
763,1,95,7,2,0,12,30
764,0,40,2,1,1,22,40
765,1,50,5,2,0,16,33
766,1,16,5,1,1,14,42
767,0,70,7,3,0,11,62
768,1,5,6,2,1,21,43
769,0,65,4,1,0,12,56
770,1,10,4,3,1,13,33
771,0,12,,2,1,8,53
772,1,12,9,1,0,4,19
773,0,77,2,2,1,20,32
774,1,79,7,3,0,1,19
775,0,66,7,2,0,4,35
776,0,30,2,3,0,20,37
777,0,2,2,3,0,4,24
778,0,24,7,3,0,13,41
779,1,1,1,3,0,7,25
780,1,24,2,1,0,20,44
781,0,80,7,1,0,17,59
782,1,30,7,1,0,17,41
783,0,6,5,2,0,14,32
784,0,10,4,3,1,22,40
785,1,48,7,1,1,18,38
786,0,34,2,2,0,16,32
787,1,29,5,2,1,2,21
788,0,62,1,1,0,11,53
789,1,69,7,2,1,14,39
790,1,22,,2,0,15,49
791,1,3,7,1,1,14,49
792,0,10,,3,1,4,42
793,1,97,2,3,1,9,28
794,0,99,2,2,1,16,62
795,1,35,2,3,0,18,44
796,1,8,2,1,0,2,20
797,1,51,2,1,0,19,44
798,1,22,2,3,0,5,29
799,2,39,4,1,1,,
800,0,68,7,1,0,8,39
801,0,28,,2,0,20,37
802,1,50,2,1,0,3,31
803,1,96,7,3,0,3,18
804,1,98,,3,1,1,18
805,1,48,7,1,0,10,57
806,0,66,5,1,1,7,25
807,1,48,,2,0,16,37
808,0,21,1,3,1,17,38
809,1,83,1,1,0,18,40
810,1,24,1,1,1,1,19
811,0,6,,1,0,8,33
812,1,1,2,1,0,16,28
813,1,12,1,1,0,14,55
814,0,60,7,1,0,14,58
815,1,47,7,1,1,22,43
816,1,71,7,1,0,15,60
817,0,38,2,1,1,6,25
818,1,17,7,1,0,11,44
819,0,7,7,2,1,5,42
820,1,12,2,3,0,16,40
821,0,41,2,1,1,7,36
822,1,67,1,3,0,17,43
823,1,91,7,2,0,9,27
824,1,97,2,2,1,12,40
825,0,17,,2,1,16,42
826,0,92,2,1,1,1,19
827,1,90,1,2,0,5,21
828,1,93,1,1,1,20,60
829,0,84,2,3,1,2,16
830,0,58,7,2,0,6,36
831,0,4,2,2,0,11,44
832,0,30,5,1,0,14,40
833,0,9,,3,1,4,22
834,0,37,2,1,0,3,44
835,0,85,7,1,1,9,49
836,1,33,2,1,1,9,27
837,0,4,,1,1,13,60
838,0,27,2,3,0,15,46
839,2,14,4,1,1,,
840,0,94,2,2,1,19,53
841,0,93,7,2,1,8,51
842,0,59,2,3,0,2,18
843,0,80,7,2,1,9,28
844,0,13,2,3,0,9,39
845,1,51,7,1,0,3,44
846,0,60,7,2,0,17,63
847,1,66,5,3,0,9,26
848,0,79,7,1,0,13,38
849,0,72,9,1,0,10,48
850,0,79,1,1,0,1,17
851,1,19,,2,1,2,30
852,1,37,2,2,1,2,17
853,1,26,5,1,1,16,36
854,1,35,,2,0,2,17
855,1,74,5,3,1,16,43
856,0,63,2,1,1,9,29
857,1,15,,3,0,4,53
858,1,79,2,3,1,9,37
859,1,53,2,2,1,7,39
860,1,80,,3,1,7,37
861,1,73,2,3,0,17,40
862,0,83,6,3,1,16,40
863,1,19,2,2,0,5,56
864,0,6,5,3,1,4,47
865,1,73,8,1,0,19,52
866,0,28,,2,1,14,44
867,1,12,,1,0,17,44
868,1,84,2,1,1,11,38
869,1,7,2,3,1,10,33
870,0,63,1,1,0,6,53
871,1,40,,1,1,5,25
872,1,47,4,1,0,13,46
873,0,37,1,2,1,20,58
874,0,78,1,1,1,1,16
875,0,34,2,1,1,2,18
876,0,44,4,3,0,19,49
877,1,92,2,1,1,3,29
878,0,31,7,1,1,9,35
879,1,58,,1,0,12,39
880,1,11,,3,1,10,54
881,1,82,,3,0,15,37
882,1,59,3,1,1,11,52
883,2,73,4,1,1,,
884,0,11,3,1,0,17,39
885,0,20,2,1,0,18,51
886,1,53,1,1,0,11,43
887,0,55,7,3,0,1,20
888,1,62,7,1,0,10,54
889,0,46,5,2,1,10,50
890,1,55,1,1,1,15,43
891,0,21,1,3,1,9,36
892,2,22,4,1,1,,
893,0,97,4,1,0,16,34
894,1,13,2,3,1,9,47
895,1,58,,1,1,12,51
896,1,25,,1,0,15,39
897,1,25,7,1,0,11,48
898,1,53,2,2,0,16,40
899,1,42,1,2,1,12,54
900,0,48,7,1,1,5,27
901,1,13,5,1,1,16,42
902,1,37,5,1,0,18,28
903,0,46,2,1,0,14,56
904,1,51,,3,1,11,43
905,1,41,7,2,0,12,39
906,0,73,2,3,1,3,19
907,0,51,3,3,1,17,39
908,1,86,2,2,1,17,37
909,1,77,,3,1,8,57
910,0,50,2,1,0,14,31
911,0,62,3,2,0,3,43
912,0,37,5,1,1,19,49
913,1,67,2,1,0,1,17
914,0,73,7,2,1,2,18
915,1,17,9,1,0,7,33
916,1,18,,2,0,8,26
917,0,63,2,1,0,19,53
918,0,73,1,3,0,13,42
919,0,48,1,1,1,13,30
920,0,89,1,1,1,19,41
921,1,77,7,1,0,7,38
922,1,52,2,1,0,19,45
923,0,44,2,3,0,19,40
924,0,33,,2,0,13,41
925,0,42,7,2,0,16,39
926,0,18,8,2,0,10,52
927,0,25,2,1,1,18,51
928,0,61,,3,1,18,44
929,0,0,2,1,1,13,52
930,1,86,5,1,1,8,46
931,1,59,7,2,1,1,18
932,1,30,,1,0,18,28
933,1,75,5,1,1,5,21
934,0,76,7,1,0,6,21
935,0,76,,1,1,3,23
936,0,64,1,3,0,3,29
937,0,65,7,2,0,15,32
938,1,18,5,1,0,7,21
939,0,53,7,1,0,6,56
940,1,3,7,1,0,9,30
941,0,13,2,2,1,1,22
942,1,31,2,1,1,14,43
943,0,94,3,2,1,15,38
944,1,53,7,1,0,15,41
945,0,59,,3,1,1,19
946,1,16,7,3,0,12,56
947,1,43,1,1,0,10,31
948,0,19,,2,0,10,48
949,0,18,1,1,1,3,42
950,2,24,4,3,1,,
951,0,44,9,1,0,1,18
952,1,34,2,2,1,6,46
953,1,16,,1,0,7,38
954,0,76,7,1,1,7,22
955,1,78,1,1,1,9,28
956,0,19,7,1,1,9,57
957,1,80,7,2,1,7,23
958,0,15,1,3,0,18,53
959,1,3,,2,1,21,31
960,0,1,1,1,1,12,49
961,1,73,2,1,0,6,31
962,0,49,,3,1,17,40
963,1,56,,3,1,16,49
964,1,35,2,3,0,6,23
965,1,86,5,3,1,5,20
966,1,70,5,3,1,5,39
967,1,44,7,2,1,1,18
968,0,96,4,3,1,16,62
969,1,20,1,3,1,18,39
970,1,2,2,3,1,14,37
971,0,11,7,3,0,22,29
972,1,81,5,1,1,10,36
973,1,46,1,3,0,15,38
974,1,92,,1,1,4,26
975,2,26,4,1,0,,
976,0,10,2,2,0,10,46
977,1,65,,3,1,13,58
978,1,40,,3,0,15,35
979,1,42,7,3,0,12,58
980,1,19,1,1,0,8,39
981,0,0,5,1,0,11,44
982,0,14,1,3,1,6,57
983,2,49,4,2,0,,
984,0,89,7,2,0,16,63
985,1,29,5,3,0,15,47
986,0,3,7,1,1,8,23
987,0,89,2,2,1,11,43
988,1,35,7,3,0,7,36
989,1,43,2,1,0,17,35
990,1,56,7,1,1,14,41
991,1,11,2,1,1,10,26
992,1,6,3,1,1,8,59
993,1,71,6,3,0,17,40
994,1,62,9,2,1,5,40
995,0,16,1,1,1,19,52
996,2,67,4,1,1,,
997,0,30,8,1,1,13,36
998,1,66,7,2,1,5,52
999,1,12,,3,0,4,29
1000,1,44,2,1,0,11,39
1001,0,63,5,1,0,14,38
1002,0,65,,1,1,18,39
1003,1,35,2,3,0,18,49
1004,0,35,4,3,0,22,42
1005,1,94,4,3,1,8,50
1006,0,15,8,2,1,19,40
1007,0,58,5,1,0,5,21
1008,1,47,,1,0,21,42
1009,1,16,7,3,1,13,60
1010,0,24,2,2,0,17,54
1011,1,42,1,3,1,10,32
1012,1,20,,3,1,11,62
1013,1,53,5,3,0,17,41
1014,0,60,3,1,1,8,57
1015,0,7,1,1,0,17,62
1016,0,0,4,1,1,17,58
1017,1,88,9,3,0,16,38
1018,0,1,7,1,1,7,23
1019,0,42,7,1,1,14,44
1020,1,29,4,2,0,13,42
1021,0,16,5,3,0,7,40
1022,1,56,2,2,1,14,27
1023,1,16,2,2,1,6,26
1024,1,17,1,3,1,2,25
1025,0,69,4,1,1,5,20
1026,0,66,2,2,0,4,23
1027,0,33,2,2,0,18,51
1028,0,10,,3,0,1,18
1029,0,71,,1,0,4,20
1030,1,9,1,1,0,5,55
1031,0,75,7,1,0,6,34
1032,1,36,,1,1,18,39
1033,0,70,,2,1,3,22
1034,0,16,,3,1,3,41
1035,1,77,5,2,1,5,41
1036,1,6,2,1,1,12,48
1037,1,95,2,1,0,10,61
1038,2,57,7,1,1,,
1039,1,24,,3,1,15,42
1040,1,78,1,3,0,9,42
1041,0,95,3,2,0,15,58
1042,0,0,7,3,1,11,41
1043,0,34,2,1,1,16,31
1044,2,4,1,3,0,,
1045,1,88,2,1,1,19,31
1046,1,0,,2,0,11,62
1047,0,39,2,2,0,11,39
1048,0,99,,2,0,15,41
1049,0,35,3,1,0,2,21
1050,1,7,8,1,1,15,44
1051,1,34,3,3,1,14,40
1052,1,31,2,3,0,3,31
1053,0,98,7,1,1,8,55
1054,0,27,7,1,1,13,34
1055,1,30,7,1,0,12,29
1056,0,96,7,2,0,6,51
1057,1,73,1,1,0,5,48
1058,1,37,5,2,1,4,30
1059,1,68,9,3,1,6,49
1060,1,88,6,2,1,13,56
1061,0,34,2,1,0,19,29
1062,1,32,,1,0,14,42
1063,0,22,2,2,1,13,30
1064,0,3,9,2,1,8,40
1065,0,8,2,1,1,8,55
1066,0,45,8,3,0,12,22
1067,1,13,2,1,1,13,52
1068,0,5,1,1,1,3,22
1069,0,85,8,1,0,15,41
1070,0,5,,1,0,1,22
1071,0,68,5,3,0,1,31
1072,0,60,2,3,1,8,60
1073,1,77,,2,1,7,37
1074,0,43,,3,1,18,43
1075,0,26,7,3,0,7,50
1076,0,33,1,2,0,2,17
1077,1,8,8,1,1,18,62
1078,0,69,7,1,0,20,41
1079,0,70,7,1,0,18,39
1080,1,70,3,1,1,2,18
1081,1,25,1,1,0,16,32
1082,2,90,2,1,1,,
1083,0,46,,2,0,1,21
1084,1,54,5,2,0,8,23
1085,0,4,1,1,0,8,42
1086,0,84,3,1,1,4,28
1087,1,39,2,1,1,8,38
1088,1,19,,3,1,3,28
1089,1,90,3,2,0,12,29
1090,1,15,8,2,0,17,42
1091,0,19,1,1,0,15,37
1092,1,56,5,1,0,5,82
1093,1,63,,2,0,5,21
1094,0,48,1,3,0,19,42
1095,1,2,1,1,0,6,59
1096,0,33,1,3,0,14,48
1097,1,71,2,1,1,18,49
1098,1,99,2,1,1,12,28
1099,0,12,7,2,1,11,42
1100,0,59,7,1,0,15,34
1101,1,76,,1,0,15,49
1102,1,16,7,2,0,15,41
1103,1,76,2,3,1,20,39
1104,1,82,5,1,0,8,58
1105,0,39,,1,0,18,27
1106,1,2,5,1,0,15,55
1107,1,70,1,3,0,18,43
1108,1,86,1,1,0,17,55
1109,0,21,9,3,0,6,28
1110,0,73,5,3,0,12,26
1111,0,96,,3,1,18,57
1112,0,25,,1,1,13,36
1113,0,45,3,1,0,6,25
1114,1,96,5,1,0,14,41
1115,1,33,,3,1,17,47
1116,1,59,1,1,1,16,43
1117,1,83,,2,0,14,42
1118,1,95,5,1,1,9,42
1119,0,43,9,1,1,19,41
1120,1,87,5,2,0,12,37
1121,1,30,1,1,1,3,33
1122,1,59,,1,0,11,32
1123,0,50,3,1,0,13,55
1124,0,36,1,2,1,9,52
1125,0,25,4,2,0,9,27
1126,1,77,,1,0,14,44
1127,1,30,2,1,0,8,26
1128,1,47,2,1,1,8,25
1129,0,2,9,1,1,9,40
1130,1,90,,1,0,16,53
1131,0,16,,1,0,15,61
1132,1,99,2,2,1,9,32
1133,0,88,7,2,0,6,49
1134,0,22,2,2,0,3,23
1135,1,60,2,1,1,11,37
1136,0,72,3,3,0,7,40
1137,0,46,,1,0,18,40
1138,1,77,5,1,1,5,26
1139,0,52,7,1,1,16,35
1140,1,32,,1,1,13,31
1141,1,70,2,3,1,4,36
1142,0,95,8,1,0,2,19
1143,0,64,1,1,1,6,62
1144,0,73,1,3,1,5,21
1145,1,80,3,1,1,14,52
1146,0,88,2,3,0,8,25
1147,0,71,9,3,1,9,49
1148,0,60,2,3,0,5,30
1149,1,29,,2,1,14,50
1150,1,64,2,1,1,13,42
1151,1,27,6,3,1,19,52
1152,0,47,2,1,1,3,19
1153,1,53,1,1,1,3,22
1154,0,26,1,1,1,20,43
1155,1,73,3,1,1,9,23
1156,1,22,6,1,1,1,20
1157,0,69,1,2,1,17,43
1158,0,85,,1,1,19,32
1159,0,94,9,1,0,1,24
1160,1,98,4,2,0,10,52
1161,1,86,5,1,0,15,40
1162,0,29,,1,1,7,27
1163,0,77,2,3,1,8,36
1164,1,97,1,1,1,17,40
1165,1,58,2,3,0,2,24
1166,1,40,1,2,0,8,45
1167,1,20,1,1,0,4,21
1168,0,44,1,2,0,18,52
1169,1,33,2,1,1,13,50
1170,1,62,4,1,1,4,53
1171,1,32,,2,1,8,46
1172,0,48,,1,1,17,43
1173,1,58,5,3,0,16,39
1174,2,9,4,1,0,,
1175,0,8,,1,0,8,32
1176,1,7,,2,1,7,41
1177,1,47,1,2,1,6,64
1178,0,1,1,1,0,13,47
1179,0,56,2,3,1,13,29
1180,1,48,2,2,0,10,42
1181,1,2,6,1,0,8,39
1182,1,84,4,1,1,7,42
1183,0,50,,2,0,6,59
1184,1,89,1,1,0,13,49
1185,1,17,,1,1,2,17
1186,0,70,7,2,1,20,40
1187,0,65,2,1,0,1,19
1188,1,14,,2,1,4,33
1189,0,22,1,3,1,8,29
1190,1,67,2,2,1,10,49
1191,1,20,,1,1,1,21
1192,1,31,7,1,0,16,48
1193,0,58,5,3,0,5,31
1194,1,69,8,2,0,3,25
1195,1,0,8,1,0,18,39
1196,1,23,1,1,0,2,19
1197,1,44,2,3,1,5,20
1198,1,73,5,3,0,7,44
1199,0,7,2,2,1,5,59
1200,1,38,9,3,0,18,43
1201,1,42,7,1,0,10,62
1202,0,90,5,1,1,8,25
1203,1,38,1,2,0,22,29
1204,1,12,7,2,1,16,46
1205,0,38,7,2,0,13,39
1206,1,13,2,1,0,13,39
1207,1,30,1,1,0,1,20
1208,1,23,2,1,0,15,34
1209,0,40,3,3,1,11,40
1210,2,81,4,1,0,,
1211,0,45,2,2,1,14,39
1212,1,28,3,2,0,13,49
1213,0,80,,3,0,15,44
1214,0,0,3,3,0,15,28
1215,1,79,7,1,0,11,50
1216,1,15,8,2,1,10,58
1217,1,67,7,3,0,16,49
1218,1,12,,1,1,7,35
1219,0,93,2,1,0,14,46
1220,0,12,,3,0,14,30
1221,0,75,1,3,1,14,22
1222,1,83,3,1,0,19,47
1223,1,19,7,1,1,16,52
1224,1,9,7,1,0,16,40
1225,0,5,1,1,1,10,29
1226,1,32,1,1,1,13,36
1227,1,63,4,2,1,12,28
1228,1,43,2,2,0,6,55
1229,0,38,7,2,1,1,17
1230,0,61,2,1,1,10,32
1231,1,94,1,2,0,18,44
1232,0,83,3,2,0,20,58
1233,1,17,5,2,1,16,39
1234,0,87,,1,0,17,52
1235,1,24,1,1,0,9,48
1236,0,75,2,3,1,18,43
1237,1,6,1,3,0,16,48
1238,0,24,,2,1,6,39
1239,0,9,,1,1,17,39
1240,1,64,7,1,1,19,52
1241,1,23,1,2,1,11,31
1242,0,36,3,3,1,18,44
1243,0,73,5,1,0,8,64
1244,2,80,2,1,1,,
1245,0,34,7,2,0,1,23
1246,0,94,,3,0,6,24
1247,1,15,9,2,0,11,57
1248,1,31,,2,1,7,54
1249,0,11,8,1,0,16,50
1250,1,42,7,1,0,1,16
1251,0,63,3,1,0,2,20
1252,0,46,7,1,1,14,52
1253,1,81,7,1,0,5,21
1254,0,60,5,1,1,5,59
1255,0,5,1,2,0,11,35
1256,0,8,1,3,0,9,31
1257,0,40,3,2,1,9,45
1258,0,89,7,1,0,6,39
1259,1,23,2,1,0,9,44
1260,0,92,3,1,0,9,28
1261,1,61,7,1,0,4,46
1262,1,90,,3,1,19,50
1263,0,41,7,2,0,8,44
1264,0,48,1,1,1,7,23
1265,0,72,3,1,1,2,30
1266,0,68,1,1,1,10,39
1267,0,39,9,2,1,19,38
1268,0,20,2,3,1,2,28
1269,0,56,3,3,1,7,27
1270,0,72,2,2,0,10,34
1271,1,71,8,1,1,6,23
1272,1,2,7,2,0,17,32
1273,0,48,2,2,1,14,43
1274,0,12,7,1,0,20,40
1275,1,70,1,1,1,8,51
1276,0,24,1,2,0,4,53
1277,0,26,,1,1,9,45
1278,1,14,1,2,0,2,19
1279,0,30,2,1,0,20,55
1280,0,71,7,3,1,15,39
1281,0,29,7,2,1,16,49
1282,0,99,9,2,1,14,37
1283,1,43,1,1,0,1,23
1284,0,30,9,2,0,11,41
1285,0,44,7,1,1,12,44
1286,1,83,7,3,1,16,42
1287,0,72,2,1,1,20,57
1288,1,51,2,2,1,18,38
1289,0,35,,1,1,8,44
1290,0,49,2,3,1,6,50
1291,0,0,1,1,0,12,37
1292,1,56,,2,0,20,56
1293,0,89,4,1,0,8,37
1294,1,31,7,1,1,15,43
1295,0,66,6,1,1,5,20
1296,1,61,2,2,1,9,28
1297,0,91,1,1,0,3,36
1298,0,35,1,1,0,16,43
1299,1,72,,2,0,12,40
1300,1,0,2,2,1,9,26
1301,1,17,1,1,0,9,26
1302,1,29,2,2,1,2,19
1303,0,64,6,1,0,15,45
1304,0,23,,3,0,11,40
1305,0,97,2,3,1,6,47
1306,0,13,1,2,1,13,61
1307,1,73,1,3,1,10,47
1308,0,34,,2,1,18,41
1309,0,95,,1,0,13,40
1310,0,38,7,3,1,13,31
1311,1,89,2,1,1,13,33
1312,1,96,1,2,0,8,23
1313,0,59,3,1,0,22,31
1314,1,25,1,1,1,6,47
1315,1,46,4,1,1,12,44
1316,0,79,5,3,1,18,27
1317,0,2,5,1,1,5,44
1318,1,10,2,1,1,4,51
1319,0,20,9,1,1,12,62
1320,1,4,7,3,1,7,34
1321,1,29,6,2,0,8,23
1322,1,37,2,1,1,1,16
1323,0,27,,3,1,9,29
1324,1,88,7,1,0,11,39
1325,0,67,6,3,1,14,49
1326,0,15,1,2,1,5,51
1327,1,57,3,2,0,6,22
1328,0,19,4,1,1,6,36
1329,1,65,,1,0,11,28
1330,0,20,,2,0,19,32
1331,0,12,8,3,0,17,30
1332,0,87,,1,1,12,39
1333,0,4,2,3,0,9,44
1334,1,72,2,1,0,4,19
1335,1,57,9,1,1,3,20
1336,0,83,,1,1,15,28
1337,1,15,1,1,0,10,29
1338,0,53,,3,0,14,37
1339,1,82,4,3,0,14,39
1340,0,16,,3,0,18,40
1341,0,65,2,2,0,15,31
1342,0,14,5,2,1,11,55
1343,0,67,1,3,0,5,38
1344,1,20,7,1,0,4,22
1345,0,94,7,1,0,12,57
1346,0,9,8,1,0,19,47
1347,1,14,7,1,1,14,40
1348,0,88,,3,0,13,33
1349,0,83,7,2,0,1,20
1350,0,10,5,1,1,8,60
1351,2,32,4,3,0,,
1352,0,53,7,3,0,18,63
1353,1,1,1,1,1,11,37
1354,1,0,2,2,0,2,17
1355,0,37,3,1,0,1,16
1356,1,12,,3,0,13,36
1357,0,69,1,3,0,6,24
1358,0,8,1,3,0,6,23
1359,1,54,5,1,0,6,24
1360,0,41,7,1,1,15,47
1361,0,56,7,2,0,19,53
1362,1,20,7,2,1,15,44
1363,0,7,2,1,0,18,56
1364,0,99,7,1,0,21,39
1365,0,97,1,1,0,3,25
1366,0,10,5,2,0,22,43
1367,1,63,5,1,0,18,44
1368,1,54,3,1,0,4,44
1369,1,51,7,1,1,6,23
1370,1,44,3,1,0,18,31
1371,1,39,5,1,1,13,58
1372,0,44,7,2,0,17,37
1373,1,3,2,1,1,12,59
1374,0,76,7,1,0,8,41
1375,0,36,2,2,0,18,39
1376,0,89,1,1,1,18,51
1377,0,86,5,1,1,2,28
1378,1,36,3,2,1,7,39
1379,1,63,2,1,1,7,28
1380,1,99,2,1,0,3,19
1381,0,79,7,2,1,15,32
1382,0,27,7,3,1,20,28
1383,1,81,4,2,0,8,60
1384,1,48,7,1,0,2,19
1385,1,39,2,1,0,16,60
1386,1,71,5,1,1,12,50
1387,1,33,7,1,1,4,40
1388,0,86,2,1,0,7,45
1389,1,27,1,2,0,15,55
1390,1,74,5,3,1,1,17
1391,1,62,5,3,0,12,41
1392,1,28,2,1,0,1,17
1393,1,96,7,1,0,20,41
1394,0,50,1,1,1,8,39
1395,1,83,,3,1,16,60
1396,0,20,2,1,0,18,30
1397,0,29,7,1,1,14,38
1398,1,11,7,1,0,17,51
1399,1,84,7,1,0,15,50
1400,1,51,7,2,1,7,35
1401,1,68,2,3,0,10,39
1402,0,58,8,1,0,1,16
1403,1,18,5,1,0,16,37
1404,0,78,7,1,1,14,60
1405,1,52,7,3,1,11,59
1406,0,3,2,3,1,17,47
1407,1,43,7,1,1,9,37
1408,0,14,1,3,0,4,20
1409,1,69,,1,0,4,21
1410,1,10,5,3,1,6,20
1411,1,24,1,1,1,5,23
1412,1,20,,1,1,4,26
1413,1,47,2,1,0,3,19
1414,1,57,5,1,1,10,37
1415,1,68,3,3,1,3,19
1416,0,90,,3,1,5,50
1417,1,12,7,3,1,20,58
1418,1,80,4,2,1,21,41
1419,0,5,2,1,1,4,50
1420,1,14,1,1,0,11,58
1421,1,74,3,1,0,20,61
1422,0,31,7,2,1,16,45
1423,1,51,7,1,0,19,58
1424,0,56,1,3,1,14,43
1425,0,20,5,3,1,11,31
1426,1,72,2,1,0,17,61
1427,0,14,2,3,0,8,24
1428,1,93,5,3,0,1,19
1429,0,94,1,1,1,12,37
1430,1,86,7,1,1,3,18
1431,0,29,2,2,1,17,42
1432,0,70,6,3,1,2,19
1433,1,15,4,1,0,20,59
1434,0,42,3,3,0,9,44
1435,0,96,8,2,1,19,49
1436,0,40,,2,0,3,18
1437,0,35,7,2,0,20,43
1438,1,27,1,1,1,14,42
1439,0,97,5,1,0,19,52
1440,1,19,2,3,1,12,52
1441,1,23,7,2,0,5,40
1442,0,1,7,2,0,17,54
1443,1,47,2,2,1,22,31
1444,0,97,1,1,0,8,42
1445,1,57,4,2,0,18,44
1446,0,51,7,1,0,17,30
1447,0,29,7,1,0,4,21
1448,0,40,3,1,0,20,29
1449,1,38,,3,0,4,50
1450,1,23,7,2,0,6,53
1451,1,32,6,1,1,16,40
1452,0,99,5,1,0,20,62
1453,0,54,1,3,0,13,40
1454,0,4,6,1,1,3,38
1455,1,2,3,2,0,8,25
1456,0,97,3,1,1,6,53
1457,1,99,,2,1,12,39
1458,0,40,8,2,0,11,61
1459,0,89,7,1,0,4,19
1460,0,92,2,3,1,13,44
1461,0,71,5,1,1,9,60
1462,0,16,2,1,1,1,22
1463,0,53,3,3,1,18,52
1464,0,20,,2,1,10,33
1465,1,53,2,1,1,5,46
1466,1,62,2,3,1,2,19
1467,1,1,7,1,1,6,42
1468,1,37,2,1,0,22,39
1469,0,77,2,2,1,14,60
1470,0,62,2,3,1,8,22
1471,1,88,2,1,0,15,39
1472,1,3,2,1,0,17,53
1473,0,49,,1,1,20,57
1474,0,54,1,1,1,21,31
1475,0,41,5,2,1,7,32
1476,0,25,,2,1,20,31
1477,2,42,2,1,1,,
1478,0,40,2,3,0,9,25
1479,0,25,6,1,0,21,40
1480,1,83,,3,1,5,22
1481,1,93,2,2,0,14,41
1482,0,29,7,1,0,12,38
1483,1,55,8,1,1,14,46
1484,1,26,,1,0,18,31
1485,0,50,1,1,1,6,48
1486,0,14,7,1,0,10,39
1487,1,58,,2,1,5,38
1488,1,82,,1,1,17,31
1489,0,17,1,1,0,4,24
1490,1,36,2,1,1,6,47
1491,1,96,1,1,1,4,20
1492,1,51,,1,0,7,37
1493,1,51,6,3,0,22,30
1494,0,46,,1,1,7,31
1495,1,4,1,3,1,8,28
1496,1,22,4,2,0,3,19
1497,1,70,5,3,0,14,44
1498,1,84,,2,1,13,28
1499,0,88,7,1,1,11,44
1500,1,82,,1,0,9,57
1501,1,74,3,1,1,14,44
1502,1,52,2,2,1,11,27
1503,1,1,,2,0,6,49
1504,0,98,3,2,1,13,42
1505,0,90,2,1,0,3,24
1506,0,21,3,1,0,17,59
1507,0,97,7,3,1,22,40
1508,0,80,1,2,1,11,31
1509,2,10,4,3,1,,
1510,0,94,2,1,0,18,58
1511,0,97,2,1,0,4,27
1512,0,89,,3,0,4,38
1513,0,13,,2,1,16,47
1514,0,15,,1,0,14,55
1515,0,80,7,1,1,2,27
1516,0,6,4,2,0,19,50
1517,0,90,4,2,0,12,30
1518,0,66,3,2,0,18,46
1519,0,35,8,3,1,1,16
1520,0,95,5,1,0,19,52
1521,0,49,2,2,1,22,22
1522,0,57,2,1,0,7,23
1523,0,78,2,1,1,17,58
1524,1,7,2,1,1,16,42
1525,1,43,2,3,0,5,51
1526,0,50,7,1,1,19,53
1527,0,23,7,1,0,2,20
1528,1,78,7,3,0,3,33
1529,1,0,2,3,1,5,31
1530,0,89,1,1,1,9,41
1531,1,20,2,1,1,13,51
1532,1,27,2,1,1,10,45
1533,1,59,1,2,1,8,40
1534,1,74,7,1,0,4,19
1535,0,80,2,2,1,3,20
1536,1,28,2,2,1,15,38
1537,0,23,9,1,0,10,48
1538,0,74,1,3,1,12,28
1539,0,3,,1,1,16,40
1540,1,53,3,1,1,19,55
1541,1,7,6,1,1,13,63
1542,0,56,1,1,1,12,39
1543,1,25,,3,0,9,24
1544,0,75,1,2,1,11,54
1545,0,34,1,1,1,15,40
1546,1,22,2,1,1,8,61
1547,1,82,,1,1,12,27
1548,1,70,7,1,1,2,22
1549,1,87,2,2,1,4,20
1550,1,3,4,1,1,12,31
1551,1,37,9,2,0,17,42
1552,0,80,9,1,1,8,29
1553,1,68,5,3,0,7,61
1554,0,83,5,2,0,3,23
1555,0,60,1,3,0,15,55
1556,0,30,7,1,1,6,31
1557,0,64,2,1,0,6,42
1558,0,14,2,2,0,2,26
1559,0,63,1,3,1,12,42
1560,0,14,5,1,0,5,44
1561,0,47,7,1,1,14,42
1562,1,29,,2,1,3,33
1563,0,39,3,1,0,9,25
1564,1,42,5,1,0,16,53
1565,0,71,5,3,1,11,64
1566,0,95,6,1,0,17,55
1567,1,18,,1,0,16,46
1568,1,78,7,1,1,9,37
1569,0,87,,1,0,8,30
1570,1,70,9,1,0,17,22
1571,0,19,1,1,1,22,37
1572,0,51,2,3,1,16,60
1573,1,48,3,1,1,4,23
1574,0,16,,2,1,2,22
1575,1,82,5,1,0,17,28
1576,0,77,2,1,0,20,32
1577,1,87,7,3,0,10,41
1578,0,60,1,3,1,11,39
1579,1,40,2,2,1,17,39
1580,0,23,5,3,0,5,36
1581,1,26,6,1,0,13,43
1582,0,32,3,1,0,4,39
1583,2,18,4,1,1,,
1584,1,93,7,1,0,9,25
1585,0,87,1,1,1,5,56
1586,1,47,7,3,0,15,32
1587,0,17,9,2,1,12,31
1588,0,24,4,3,1,7,34
1589,0,83,1,1,1,4,28
1590,1,8,5,1,0,14,52
1591,0,4,7,1,1,14,41
1592,0,21,,1,1,14,31
1593,1,69,4,1,0,17,38
1594,0,62,3,1,0,7,36
1595,1,15,2,3,1,11,41
1596,0,2,2,3,1,8,48
1597,0,93,5,2,0,14,40
1598,1,87,,1,0,11,44
1599,0,65,,2,0,1,18
1600,1,20,2,3,0,2,32
1601,1,45,7,2,0,1,24
1602,0,68,5,1,0,15,38
1603,0,89,7,2,1,20,29
1604,0,51,2,3,0,20,57
1605,1,72,,2,0,9,29
1606,1,93,,2,1,9,37
1607,1,39,5,1,1,15,29
1608,1,87,,1,1,6,59
1609,0,64,3,1,1,3,21
1610,1,75,,3,1,9,62
1611,0,93,1,3,1,13,46
1612,0,70,2,3,1,22,30
1613,1,18,3,1,0,19,40
1614,0,2,,3,0,8,33
1615,1,75,9,1,1,7,46
1616,0,75,5,3,1,19,62
1617,1,97,2,2,0,10,39
1618,1,90,,1,0,19,51
1619,0,83,,1,1,6,46
1620,0,18,,3,1,2,25
1621,1,10,1,1,0,22,43
1622,0,44,,3,0,16,39
1623,1,29,9,3,1,2,20
1624,0,18,2,1,1,6,37
1625,0,20,3,1,1,10,40
1626,1,82,2,1,0,14,38
1627,0,44,9,2,0,16,56
1628,2,13,4,1,0,,
1629,0,46,2,1,0,14,43
1630,1,63,7,1,0,16,33
1631,0,11,2,2,0,1,21
1632,0,43,7,3,1,3,32
1633,1,16,3,3,1,14,53
1634,1,20,7,2,0,12,47
1635,1,36,2,1,0,7,46
1636,1,65,7,3,1,5,37
1637,0,78,7,3,0,6,48
1638,0,55,2,1,1,10,25
1639,1,9,7,1,1,12,55
1640,0,37,,3,1,3,22
1641,0,29,2,1,0,14,45
1642,0,97,7,2,1,3,35
1643,1,13,5,1,0,19,56
1644,0,57,1,1,0,10,48
1645,0,34,,2,1,5,22
1646,1,39,2,1,1,1,23
1647,1,21,2,3,1,17,40
1648,1,22,2,1,0,8,36
1649,0,6,3,1,0,7,55
1650,1,44,,3,0,16,37
1651,1,9,8,1,1,4,21
1652,1,53,7,3,1,7,36
1653,1,80,6,1,1,12,30
1654,1,67,4,3,1,9,28
1655,0,38,7,2,1,13,34
1656,0,59,2,1,1,7,40
1657,0,11,2,1,0,5,40
1658,1,17,5,1,1,5,24
1659,1,75,3,3,1,13,28
1660,0,85,5,2,0,15,37
1661,1,21,1,2,0,10,38
1662,1,40,7,3,0,11,61
1663,1,68,3,3,1,9,39
1664,0,11,7,2,1,9,42
1665,0,48,8,1,0,11,40
1666,0,73,,1,0,14,40
1667,0,67,7,3,0,18,62
1668,1,75,2,1,0,8,52
1669,0,74,2,3,1,21,39
1670,1,30,5,1,0,19,39
1671,1,69,3,1,1,14,60
1672,1,21,4,2,1,9,54
1673,1,45,2,2,1,21,39
1674,1,97,7,3,0,20,40
1675,0,76,7,2,1,14,62
1676,0,63,1,1,0,13,42
1677,1,56,1,2,1,16,59
1678,1,20,2,3,1,13,40
1679,1,92,1,1,1,13,42
1680,1,5,3,1,1,4,19
1681,0,78,1,3,1,6,38
1682,1,93,7,2,1,6,57
1683,2,72,4,1,1,,
1684,1,96,7,1,0,6,38
1685,1,32,4,1,0,8,45
1686,0,95,6,1,1,16,37
1687,0,16,7,2,1,8,26
1688,1,80,,1,0,15,39
1689,0,48,2,1,1,4,22
1690,0,6,1,2,1,16,29
1691,0,50,,3,1,7,38
1692,1,85,1,1,1,17,50
1693,0,79,1,2,0,4,52
1694,0,11,4,1,1,19,58
1695,1,11,,3,1,4,26
1696,0,48,9,3,0,2,26
1697,1,44,1,1,1,12,48
1698,1,58,1,2,1,18,46
1699,0,33,7,1,1,8,59
1700,1,28,7,3,1,14,48
1701,0,11,7,3,0,17,54
1702,0,14,1,1,0,17,61
1703,1,14,8,1,1,3,26
1704,0,96,4,3,0,12,55
1705,1,1,2,1,1,9,38
1706,0,32,2,3,1,10,56
1707,0,18,2,3,0,7,23
1708,1,39,3,3,0,20,29
1709,0,36,1,2,0,6,43
1710,1,49,1,3,0,17,63
1711,1,81,7,3,1,7,24
1712,1,63,1,3,1,7,41
1713,1,89,5,3,1,21,29
1714,1,80,3,3,1,4,19
1715,0,41,9,1,1,12,29
1716,1,42,8,2,0,5,30
1717,0,96,7,1,0,6,39
1718,1,13,2,3,1,4,23
1719,0,71,2,3,0,18,44
1720,1,96,2,1,1,13,31
1721,1,82,2,3,0,14,37
1722,0,52,2,1,0,4,54
1723,1,90,,1,1,7,31
1724,1,28,9,3,1,4,18
1725,1,80,7,3,1,16,38
1726,1,41,2,3,0,11,44
1727,0,43,9,3,0,6,39
1728,0,41,2,2,0,22,40
1729,1,37,6,3,0,7,30
1730,1,29,2,1,0,20,32
1731,1,26,1,3,1,19,58
1732,0,95,6,1,1,10,39
1733,0,10,2,3,0,20,31
1734,1,88,5,1,1,11,40
1735,0,7,1,1,0,8,51
1736,0,83,4,2,0,4,19
1737,1,21,3,2,1,13,41
1738,0,39,6,3,1,14,32
1739,0,20,9,1,0,7,63
1740,2,83,4,1,1,,
1741,0,18,2,3,0,3,23
1742,0,48,,3,0,13,59
1743,0,80,7,2,1,8,36
1744,1,41,2,3,0,12,45
1745,1,37,2,1,1,6,62
1746,0,58,4,3,0,6,55
1747,0,46,2,2,0,14,30
1748,0,83,7,1,1,10,61
1749,1,66,8,3,0,4,37
1750,0,14,9,1,1,16,58
1751,1,49,1,1,0,4,48
1752,1,92,,1,0,17,40
1753,1,6,1,3,1,1,20
1754,1,24,5,1,1,15,52
1755,1,38,3,1,0,20,31
1756,1,92,,3,0,7,41
1757,0,68,4,3,0,7,51
1758,1,16,6,1,1,6,46
1759,0,52,2,3,0,15,48
1760,1,68,1,3,0,15,51
1761,1,96,7,1,1,14,43
1762,1,49,1,1,1,18,39
1763,1,96,7,2,1,7,23
1764,1,36,,1,1,10,57
1765,1,48,,3,0,10,50
1766,1,53,,2,0,21,32
1767,1,28,7,2,1,19,58
1768,0,36,7,3,0,13,43
1769,0,13,,1,1,5,57
1770,1,63,,1,1,7,22
1771,1,1,7,1,1,14,43
1772,0,98,2,3,1,14,33
1773,2,82,4,1,1,,
1774,0,48,2,1,1,18,39
1775,1,73,2,2,0,3,22
1776,0,77,2,2,0,10,39
1777,1,47,5,2,0,1,23
1778,1,72,,1,1,2,17
1779,0,55,6,2,0,5,21
1780,2,52,4,1,0,,
1781,0,63,,2,0,17,52
1782,0,47,1,2,1,9,51
1783,0,55,5,1,1,7,22
1784,1,37,7,1,1,6,23
1785,0,23,1,1,0,19,57
1786,1,70,6,3,1,11,55
1787,0,2,5,3,1,13,41
1788,1,79,2,3,1,10,53
1789,1,44,3,1,0,9,31
1790,0,90,1,2,0,1,24
1791,1,20,4,2,1,19,43
1792,0,1,2,1,0,15,29
1793,0,19,2,1,1,2,28
1794,1,53,3,1,0,8,48
1795,0,40,7,2,0,7,40
1796,1,79,7,3,1,8,48
1797,0,49,,1,0,8,43
1798,1,46,7,3,1,1,17
1799,0,81,,2,0,17,40
1800,1,30,6,3,0,11,62
1801,0,48,7,2,0,21,41
1802,1,3,7,1,0,7,44
1803,1,75,,1,0,6,29
1804,1,91,3,2,0,4,54
1805,1,90,2,1,0,12,41
1806,2,95,4,1,0,,
1807,1,45,,3,1,16,62
1808,0,98,5,3,0,17,52
1809,1,67,1,1,1,19,56
1810,0,98,7,3,0,16,58
1811,0,59,2,1,0,1,18
1812,1,20,1,2,0,14,58
1813,1,45,7,1,0,1,16
1814,1,33,5,2,0,17,29
1815,1,23,6,1,1,19,63
1816,1,68,6,1,0,18,40
1817,0,32,,3,0,19,42
1818,1,64,9,1,1,11,50
1819,1,26,9,1,1,8,23
1820,0,12,4,2,0,5,21
1821,0,89,9,3,1,15,45
1822,1,67,2,1,0,9,55
1823,1,29,,3,0,10,43
1824,1,12,7,2,1,5,58
1825,0,82,2,1,1,17,50
1826,0,33,7,3,1,7,56
1827,1,92,5,2,1,18,39
1828,1,65,7,2,0,14,30
1829,0,82,,1,0,14,37
1830,0,98,7,3,0,12,32
1831,0,58,1,1,0,15,40
1832,1,53,7,1,1,12,53
1833,0,67,2,3,1,19,50
1834,0,84,2,3,1,11,40
1835,0,48,2,2,1,1,24
1836,1,54,1,1,1,13,62
1837,0,9,7,1,1,19,44
1838,1,14,2,2,1,12,53
1839,1,60,9,3,1,5,30
1840,0,22,6,3,1,20,40
1841,0,63,6,2,0,2,22
1842,0,89,2,1,0,8,40
1843,0,96,,1,1,4,33
1844,1,71,,1,0,12,42
1845,0,34,2,1,0,6,39
1846,1,4,7,2,0,7,39
1847,1,68,7,1,0,6,39
1848,0,22,7,1,0,9,41
1849,0,6,5,1,1,5,59
1850,0,4,7,3,0,7,39
1851,0,20,,1,0,13,43
1852,1,22,7,2,0,18,39
1853,1,67,,1,1,17,30
1854,1,11,,3,1,17,39
1855,0,2,9,1,1,18,46
1856,1,57,5,1,0,4,48
1857,0,57,7,2,1,5,49
1858,1,30,7,3,1,11,60
1859,1,81,4,3,1,12,27
1860,1,4,7,1,1,17,41
1861,1,26,7,1,1,8,50
1862,1,24,1,3,1,4,37
1863,0,10,8,3,0,20,39
1864,1,45,5,1,0,18,57
1865,1,35,,1,0,3,20
1866,0,27,7,1,0,2,25
1867,1,96,,2,0,3,31
1868,1,11,5,1,0,10,29
1869,1,73,2,3,1,9,40
1870,1,24,,2,0,9,44
1871,1,52,2,3,1,8,23
1872,0,75,7,1,1,14,44
1873,0,49,7,2,1,4,25
1874,0,17,6,3,1,7,60
1875,0,4,5,3,1,19,58
1876,0,16,2,2,0,21,40
1877,0,13,2,3,1,16,51
1878,0,6,1,2,0,10,63
1879,0,4,7,3,0,5,50
1880,0,50,,3,0,17,45
1881,0,61,,2,1,12,60
1882,0,86,7,2,0,10,53
1883,1,6,1,1,0,6,26
1884,1,19,7,1,1,17,48
1885,0,18,1,3,1,11,35
1886,1,35,4,2,0,18,39
1887,1,22,4,2,1,8,52
1888,1,67,1,1,1,1,15
1889,0,98,5,2,0,11,44
1890,0,89,2,1,0,7,45
1891,0,6,5,1,1,19,27
1892,1,48,5,3,1,2,22
1893,0,25,,1,0,5,49
1894,0,86,7,3,1,17,41
1895,1,53,7,1,0,15,42
1896,0,13,,3,0,1,22
1897,1,58,,1,1,1,20
1898,1,67,7,2,1,12,38
1899,0,29,5,2,1,4,20
1900,0,67,2,2,1,19,37
1901,0,40,6,2,0,8,40
1902,1,48,2,1,1,4,53
1903,0,8,,3,1,4,44
1904,1,60,4,3,1,14,39
1905,1,21,7,2,0,15,64
1906,0,69,5,1,0,22,29
1907,0,69,1,3,0,18,43
1908,1,2,2,3,1,6,54
1909,1,32,6,2,1,13,33
1910,1,20,3,3,1,14,58
1911,0,22,7,1,0,3,37
1912,0,36,7,3,0,7,25
1913,1,36,1,1,1,17,44
1914,0,72,2,1,0,5,49
1915,1,40,1,1,1,12,64
1916,0,71,5,3,1,7,22
1917,1,7,6,2,1,8,44
1918,2,83,4,2,0,,
1919,0,40,6,1,1,19,57
1920,0,29,2,1,0,13,29
1921,1,70,,1,0,17,35
1922,1,7,,3,1,5,48
1923,0,52,1,1,0,9,47
1924,1,94,,1,1,14,52
1925,1,34,,1,1,7,35
1926,0,72,2,3,1,10,60
1927,1,11,7,2,1,8,42
1928,0,2,7,3,1,13,40
1929,1,79,1,2,0,20,31
1930,0,27,7,3,0,3,21
1931,0,85,1,2,0,6,44
1932,1,98,9,2,1,3,40
1933,0,72,7,2,0,18,37
1934,0,70,,2,1,14,54
1935,0,72,,1,0,9,43
1936,1,36,7,1,1,12,53
1937,0,69,1,1,0,19,43
1938,2,47,4,1,1,,
1939,0,81,,1,1,8,25
1940,1,52,7,3,1,8,40
1941,0,83,9,1,0,2,25
1942,0,0,2,3,0,19,30
1943,0,35,2,2,1,13,32
1944,0,73,6,3,1,8,37
1945,0,88,,3,1,9,39
1946,0,37,,1,0,8,58
1947,1,66,8,2,1,18,54
1948,1,30,9,1,0,11,53
1949,1,9,7,1,0,7,63
1950,0,27,7,2,1,19,54
1951,0,93,7,1,1,2,17
1952,1,35,1,1,1,9,43
1953,1,23,2,3,0,12,39
1954,0,88,7,2,0,5,50
1955,0,18,,1,0,11,37
1956,0,36,1,2,1,3,23
1957,0,1,3,2,0,4,40
1958,1,62,,1,0,22,32
1959,0,3,1,1,1,16,39
1960,0,86,,1,1,10,39
1961,1,10,,1,1,15,57
1962,0,13,5,1,1,22,40
1963,0,81,6,1,1,4,19
1964,1,60,2,2,1,9,53
1965,0,81,5,1,1,3,44
1966,0,75,2,3,0,3,24
1967,1,88,7,2,1,17,32
1968,1,31,9,1,0,1,23
1969,0,54,4,1,1,19,56
1970,0,51,7,1,0,7,35
1971,1,49,7,1,1,4,19
1972,0,12,4,1,1,2,28
1973,1,52,2,3,0,5,37
1974,0,67,,1,1,15,59
1975,1,39,1,2,0,4,52
1976,1,84,7,1,0,11,42
1977,1,28,7,1,1,5,40
1978,1,53,1,1,0,16,62
1979,0,98,7,1,1,11,57
1980,0,97,1,3,1,7,25
1981,0,62,,2,0,12,31
1982,1,80,2,3,1,16,49
1983,1,6,9,2,1,18,54
1984,0,70,1,1,1,1,18
1985,1,1,,1,1,16,39
1986,1,53,5,1,0,16,36
1987,0,56,1,2,0,8,61
1988,0,27,3,1,0,8,60
1989,1,46,3,3,1,17,44
1990,2,9,2,3,0,,
1991,0,35,1,1,1,8,24
1992,1,28,7,1,1,3,22
1993,0,82,,3,1,3,37
1994,1,71,7,3,0,11,31
1995,1,6,,1,1,11,48
1996,0,4,7,1,0,4,32
1997,0,57,,1,0,5,21
1998,0,13,7,3,0,21,42
1999,1,6,7,1,1,7,55
2000,2,68,4,3,1,,
2001,1,21,7,1,1,3,40
2002,1,55,2,1,0,12,46
2003,1,80,7,3,1,8,55
2004,0,16,7,2,1,10,54
2005,1,41,7,3,0,17,39
2006,1,33,3,3,1,2,18
2007,0,8,7,1,1,15,47
2008,0,77,2,1,1,3,24
2009,1,19,1,2,1,19,57
2010,0,88,7,3,1,7,43
2011,0,68,7,3,1,12,39
2012,1,55,1,3,0,4,45
2013,1,99,1,2,1,19,22
2014,1,49,7,1,1,8,27
2015,1,6,1,2,0,7,43
2016,1,89,5,2,1,1,19
2017,0,67,2,2,1,6,22
2018,0,80,2,2,0,12,54
2019,1,48,9,3,0,17,64
2020,1,50,3,2,1,14,46
2021,2,31,4,3,1,,
2022,0,79,4,2,0,7,35
2023,0,15,,3,0,10,46
2024,1,69,4,1,1,2,17
2025,0,59,,1,1,3,35
2026,1,62,3,1,1,7,30
2027,0,89,,3,0,10,53
2028,1,25,5,2,1,18,41
2029,0,10,7,1,0,7,25
2030,0,3,3,3,0,15,56
2031,0,99,,1,0,12,30
2032,0,98,3,1,1,9,34
2033,0,36,1,3,0,10,46
2034,1,87,7,1,0,8,43
2035,0,40,1,1,0,19,38
2036,1,11,,1,0,17,40
2037,0,19,4,1,0,6,28
2038,1,9,2,1,1,5,58
2039,1,38,4,3,1,7,39
2040,0,25,5,2,1,12,48
2041,0,52,2,1,0,17,60
2042,0,65,1,1,0,17,49
2043,1,67,,1,0,7,40
2044,1,84,1,1,1,1,19
2045,1,15,2,3,0,15,33
2046,1,3,,1,1,13,58
2047,1,45,2,2,1,21,42
2048,1,22,2,3,0,13,57
2049,0,21,7,3,0,5,55
2050,1,22,,1,1,5,63
2051,1,8,7,2,0,20,58
2052,0,5,5,1,1,8,62
2053,0,7,2,2,1,11,39
2054,0,12,7,1,1,22,22
2055,0,46,5,3,0,7,37
2056,1,65,3,3,0,22,31
2057,1,99,7,2,1,15,58
2058,1,99,6,3,0,7,39
2059,1,21,,3,0,12,40
2060,1,17,2,1,0,17,58
2061,1,71,7,3,0,4,34
2062,0,67,5,1,0,18,41
2063,0,55,1,2,0,16,54
2064,0,99,1,1,1,18,48
2065,0,66,5,1,1,12,39
2066,0,91,1,3,1,12,48
2067,0,81,1,1,0,17,38
2068,1,23,,3,0,8,61
2069,2,32,4,1,1,,
2070,1,0,,1,0,8,36
2071,1,69,,1,0,10,39
2072,1,30,2,1,1,9,57
2073,1,87,7,3,1,10,43
2074,1,90,2,1,0,4,20
2075,1,95,7,1,0,8,44
2076,1,73,7,1,1,5,48
2077,1,67,2,1,1,7,25
2078,1,15,7,1,0,3,28
2079,1,49,,3,0,11,61
2080,1,15,,3,0,17,58
2081,1,69,2,1,0,13,45
2082,1,38,1,2,1,19,38
2083,1,5,,1,0,4,37
2084,1,6,4,1,1,17,31
2085,1,83,1,1,0,11,61
2086,0,68,2,3,0,1,20
2087,0,76,4,1,1,15,48
2088,0,2,2,1,1,14,48
2089,0,93,2,3,0,15,59
2090,0,63,2,1,1,17,53
2091,1,27,6,1,0,9,37
2092,0,14,7,3,0,18,40
2093,0,94,2,3,0,2,18
2094,0,15,,1,0,16,33
2095,1,69,7,2,0,8,28
2096,1,74,8,3,1,12,48
2097,0,38,8,1,0,21,29
2098,1,82,1,3,0,16,48
2099,0,40,2,3,1,19,58
2100,0,34,4,1,0,14,39
2101,1,71,,1,1,2,19
2102,0,80,,2,0,5,41
2103,0,94,2,2,0,18,42
2104,1,31,2,1,0,11,38
2105,0,29,1,3,1,6,46
2106,0,91,2,3,1,13,47
2107,1,2,4,2,1,4,25
2108,1,41,3,1,1,18,32
2109,1,14,1,3,1,18,52
2110,0,29,7,3,0,14,44
2111,0,98,3,2,1,12,44
2112,1,64,2,1,1,6,24
2113,1,91,7,2,0,17,45
2114,0,78,6,3,0,19,63
2115,0,17,1,1,1,17,42
2116,0,81,2,2,1,9,38
2117,0,76,1,2,0,3,22
2118,0,29,,3,0,7,39
2119,1,51,2,1,0,17,32
2120,0,80,7,1,0,1,20
2121,1,35,2,1,1,22,28
2122,0,85,1,3,1,11,44
2123,1,36,7,2,0,2,24
2124,0,17,5,3,0,18,39
2125,1,9,2,3,0,18,42
2126,0,65,1,1,1,17,59
2127,1,66,7,1,0,7,43
2128,0,31,3,2,1,16,41
2129,0,26,7,3,0,3,37
2130,1,95,3,3,1,16,27
2131,1,12,,1,1,7,46
2132,1,16,2,3,1,22,32
2133,1,44,2,3,0,3,19
2134,0,16,7,2,0,2,17
2135,0,97,,1,1,15,37
2136,1,21,1,3,1,5,52
2137,1,46,7,2,0,5,46
2138,1,23,7,3,0,15,39
2139,1,87,4,2,1,7,35
2140,0,59,8,3,0,21,41
2141,1,50,2,3,1,4,53
2142,1,61,,2,0,7,38
2143,0,53,,3,1,10,54
2144,1,12,3,1,1,9,39
2145,1,44,9,2,1,19,58
2146,0,75,,1,0,13,50
2147,0,42,,3,1,1,19
2148,1,78,7,1,1,15,28
2149,1,26,,3,0,6,39
2150,0,75,5,2,1,8,58
2151,0,9,9,2,0,6,31
2152,1,40,7,1,1,19,49
2153,0,22,2,1,0,10,31
2154,1,86,7,3,0,6,37
2155,1,24,,1,0,14,53
2156,0,96,5,1,1,18,40
2157,1,52,3,1,0,19,39
2158,0,11,9,1,0,6,57
2159,0,19,,3,1,6,54
2160,1,64,1,1,1,15,46
2161,0,35,2,1,0,4,19
2162,0,49,2,3,1,10,43
2163,0,41,,1,1,6,21
2164,1,12,2,1,1,18,44
2165,2,16,7,2,0,,
2166,1,78,3,1,0,16,33
2167,1,31,9,1,0,1,20
2168,0,83,2,1,1,17,43
2169,0,80,2,1,0,18,38
2170,0,27,7,2,0,6,54
2171,1,21,1,3,0,10,47
2172,0,6,1,2,1,13,38
2173,1,27,4,1,1,22,41
2174,0,32,6,3,0,11,55
2175,0,23,1,1,0,13,32
2176,1,79,3,3,1,12,55
2177,0,35,1,1,0,9,40
2178,1,20,5,1,0,12,63
2179,0,15,7,1,0,17,57
2180,0,98,,3,1,13,57
2181,0,99,4,1,1,8,43
2182,0,47,9,3,1,16,50
2183,1,61,7,1,1,7,45
2184,0,49,1,1,0,11,46
2185,1,40,3,1,0,19,54
2186,1,61,1,3,0,5,54
2187,1,52,1,1,0,2,20
2188,1,85,,1,0,17,45
2189,0,43,2,3,0,4,19
2190,1,77,4,2,0,13,38
2191,0,2,,1,1,4,41
2192,0,93,,1,0,14,51
2193,0,66,,1,1,6,62
2194,1,79,7,2,1,11,59
2195,1,94,2,2,1,13,30
2196,0,66,5,3,1,7,41
2197,0,32,2,1,0,7,24
2198,0,1,3,2,1,1,19
2199,1,89,3,3,1,13,34
2200,0,23,,2,1,16,31
2201,1,56,2,2,1,1,19
2202,1,46,2,2,1,8,40
2203,0,13,1,3,1,2,19
2204,1,16,9,3,0,7,50
2205,2,76,4,1,0,,
2206,0,60,2,2,0,14,60
2207,1,93,7,1,1,16,38
2208,1,59,,1,0,9,63
2209,0,4,1,2,1,3,24
2210,0,16,1,3,0,5,32
2211,1,3,7,1,1,18,42
2212,1,22,7,2,1,20,43
2213,1,70,,2,1,6,21
2214,0,52,7,3,1,8,60
2215,1,50,2,1,1,18,46
2216,1,29,3,3,1,10,55
2217,0,98,2,1,0,16,36
2218,1,94,1,2,0,4,25
2219,0,73,,3,1,3,35
2220,0,35,2,1,1,13,58
2221,0,80,6,2,0,7,22
2222,1,20,2,1,0,14,43
2223,1,38,1,1,0,12,36
2224,1,3,5,3,1,4,19
2225,1,45,1,2,0,19,29
2226,1,10,9,1,0,11,62
2227,0,45,3,2,1,9,41
2228,1,12,7,3,0,9,61
2229,1,76,2,2,1,7,58
2230,1,53,,1,0,19,40
2231,1,68,,1,0,13,58
2232,0,69,,1,1,11,27
2233,1,49,,1,1,8,44
2234,0,48,7,1,0,18,31
2235,1,75,1,2,0,16,38
2236,0,0,7,2,1,13,49
2237,1,83,,1,1,9,48
2238,1,96,5,1,1,14,39
2239,1,0,3,3,1,8,57
2240,0,4,7,3,1,16,48
2241,0,45,2,3,0,10,42
2242,1,25,,1,1,21,40
2243,1,76,,2,1,7,41
2244,0,97,7,1,0,5,45
2245,1,11,6,1,0,3,37
2246,0,16,,1,1,13,38
2247,1,17,5,3,1,1,22
2248,1,33,7,1,0,1,21
2249,1,7,2,1,0,5,21
2250,0,72,8,3,0,7,25
2251,0,68,3,3,0,19,58
2252,2,31,4,3,1,,
2253,1,28,7,2,1,13,58
2254,1,36,1,2,0,18,62
2255,0,92,1,2,1,5,25
2256,1,28,5,1,0,15,39
2257,0,27,9,1,0,15,40
2258,1,63,5,3,0,7,43
2259,1,83,,2,0,2,18
2260,0,38,6,3,0,11,50
2261,0,81,1,1,1,13,37
2262,1,90,1,1,1,2,33
2263,1,79,6,1,1,21,30
2264,1,18,1,2,0,9,45
2265,0,55,3,1,1,5,37
2266,0,74,5,3,0,1,19
2267,1,78,,2,0,14,53
2268,1,66,1,1,0,19,52
2269,1,33,,1,0,9,28
2270,0,50,5,2,0,9,51
2271,0,96,8,1,1,18,43
2272,1,82,7,1,0,1,23
2273,1,71,,1,1,9,53
2274,1,15,7,1,1,13,38
2275,1,77,2,3,1,8,25
2276,1,90,,1,1,12,32
2277,1,44,2,3,1,7,54
2278,0,11,1,2,1,8,40
2279,0,42,1,1,0,3,38
2280,1,93,,1,0,9,57
2281,1,56,,3,1,14,28
2282,0,81,2,2,1,7,60
2283,0,44,,3,0,16,63
2284,1,83,8,3,0,14,43
2285,1,71,1,3,0,5,44
2286,1,20,7,3,0,5,22
2287,1,53,8,3,0,20,43
2288,0,63,7,3,0,8,53
2289,1,97,1,2,1,13,37
2290,0,18,7,1,1,5,36
2291,0,67,7,2,1,4,46
2292,1,17,1,1,1,2,19
2293,1,70,2,2,0,16,59
2294,0,25,7,1,0,21,30
2295,2,35,4,1,1,,
2296,1,16,5,2,0,1,15
2297,1,16,7,2,1,19,46
2298,0,64,3,1,1,5,20
2299,0,11,3,3,1,7,31
2300,0,20,2,1,1,3,19
2301,0,66,2,1,1,19,51
2302,1,43,5,1,1,4,18
2303,0,22,5,1,1,4,24
2304,1,65,,1,1,11,60
2305,1,91,2,2,1,13,33
2306,1,98,2,3,1,9,57
2307,1,57,5,3,1,13,39
2308,1,52,2,1,1,17,54
2309,0,40,7,2,0,14,32
2310,0,12,,3,1,11,47
2311,1,49,1,1,0,16,28
2312,1,72,7,1,0,18,38
2313,1,54,7,1,0,12,51
2314,0,59,1,3,1,7,24
2315,0,25,2,2,0,8,23
2316,0,79,2,2,1,11,39
2317,0,97,1,1,1,16,41
2318,1,30,7,1,1,6,29
2319,0,63,9,3,0,18,32
2320,1,14,7,2,0,16,52
2321,1,27,7,1,1,20,37
2322,0,72,1,1,1,2,25
2323,0,2,3,3,0,13,29
2324,0,44,7,1,1,16,51
2325,0,50,5,3,1,12,53
2326,0,64,5,3,0,14,51
2327,1,19,,2,0,6,54
2328,0,63,1,1,1,8,31
2329,1,7,4,2,0,20,60
2330,1,5,3,1,0,9,27
2331,1,48,2,1,1,10,54
2332,0,99,3,3,1,10,40
2333,0,82,2,1,1,10,51
2334,0,30,1,2,0,5,21
2335,2,42,4,1,0,,
2336,0,59,1,2,0,17,39
2337,1,47,1,1,0,1,17
2338,1,13,7,1,0,5,31
2339,0,3,3,2,1,16,59
2340,0,33,1,1,1,16,39
2341,2,41,4,1,1,,
2342,1,87,,1,0,2,18
2343,0,6,6,3,1,5,58
2344,0,93,2,1,1,7,24
2345,1,50,5,2,1,3,31
2346,0,89,,1,1,4,38
2347,1,79,,3,0,11,60
2348,1,2,7,1,0,16,60
2349,1,23,8,3,0,3,38
2350,1,32,,1,1,14,58
2351,1,35,5,2,1,10,25
2352,1,76,,1,1,13,46
2353,0,93,1,2,1,12,39
2354,1,99,5,1,0,17,59
2355,0,87,7,1,1,4,24
2356,1,58,7,2,0,3,23
2357,1,39,7,1,0,6,55
2358,0,26,5,3,1,15,58
2359,1,80,3,3,1,7,31
2360,1,0,2,3,1,5,43
2361,1,55,,3,1,20,63
2362,0,49,2,2,1,19,45
2363,0,92,9,1,1,16,34
2364,0,19,,1,1,13,22
2365,1,2,6,1,1,3,19
2366,1,51,1,1,1,15,42
2367,0,40,7,1,1,16,60
2368,1,98,7,1,0,10,24
2369,1,80,2,1,1,1,21
2370,1,35,3,3,0,7,21
2371,1,22,7,3,1,8,51
2372,0,14,1,2,0,10,40
2373,1,51,7,3,1,16,35
2374,0,6,2,1,0,9,24
2375,1,21,5,2,0,8,30
2376,1,84,,3,1,12,59
2377,1,29,4,3,0,2,19
2378,1,41,7,2,0,1,23
2379,1,85,1,2,1,15,36
2380,1,44,5,1,1,15,61
2381,1,91,6,2,1,5,44
2382,0,79,5,1,1,4,46
2383,1,34,2,1,0,15,39
2384,0,96,1,3,1,6,56
2385,0,70,1,1,0,8,59
2386,1,93,2,1,0,2,20
2387,0,33,,3,1,9,40
2388,0,84,2,1,0,1,20
2389,0,18,5,3,0,7,44
2390,1,48,3,1,0,12,53
2391,1,72,1,1,0,14,56
2392,1,48,7,2,0,2,16
2393,1,68,1,3,1,11,36
2394,1,31,,1,1,7,22
2395,0,23,,3,0,16,51
2396,1,40,5,2,1,7,44
2397,0,33,5,2,1,4,32
2398,1,6,2,3,1,1,17
2399,1,20,7,3,1,14,37
2400,0,73,3,1,1,22,39
2401,0,7,,1,1,15,40
2402,1,99,2,1,1,8,60
2403,1,41,2,2,0,12,40
2404,0,13,5,1,0,6,57
2405,1,16,,1,0,18,60
2406,0,34,,2,1,9,44
2407,1,24,2,3,1,6,58
2408,1,38,1,1,0,16,62
2409,1,23,1,1,0,12,28
2410,1,75,7,1,1,21,43
2411,0,0,2,3,0,13,53
2412,1,77,7,2,0,8,36
2413,0,27,7,3,1,17,74
2414,2,18,1,1,1,,
2415,0,56,7,1,0,3,39
2416,0,19,1,2,0,16,58
2417,1,27,,2,0,22,43
2418,1,82,3,1,1,13,47
2419,0,96,3,3,0,9,39
2420,1,10,2,3,0,16,41
2421,1,54,1,2,1,13,63
2422,1,96,9,3,0,13,39
2423,0,49,4,1,1,20,36
2424,0,17,,2,1,15,35
2425,0,32,,1,1,11,41
2426,2,64,4,2,1,,
2427,1,20,,3,1,2,19
2428,0,74,,1,1,9,49
2429,1,54,7,1,1,3,37
2430,0,38,,1,0,5,49
2431,0,15,2,1,1,2,18
2432,1,67,7,2,1,5,36
2433,0,38,,3,1,8,41
2434,0,40,,2,0,18,61
2435,1,69,7,1,0,14,56
2436,0,37,4,1,0,4,31
2437,1,90,2,1,1,18,40
2438,1,76,7,1,1,4,34
2439,1,44,7,2,0,15,50
2440,1,17,7,2,0,8,58
2441,1,52,3,3,1,5,58
2442,0,8,1,2,1,17,60
2443,0,30,3,3,0,20,27
2444,0,22,7,3,0,11,40
2445,0,46,5,2,0,18,41
2446,0,33,5,2,0,17,61
2447,0,55,,2,1,2,20
2448,1,5,3,3,0,10,25
2449,0,54,,2,0,8,35
2450,0,64,5,2,1,7,43
2451,0,33,6,2,1,18,44
2452,1,93,7,1,1,17,42
2453,1,22,8,3,0,9,25
2454,1,81,3,1,1,12,57
2455,1,64,7,1,0,21,40
2456,0,9,,1,0,10,26
2457,0,70,4,3,1,15,42
2458,1,73,7,3,1,5,53
2459,1,67,7,3,0,18,31
2460,0,88,7,3,1,12,41
2461,0,89,,2,0,17,41
2462,0,17,9,2,0,21,37
2463,1,54,1,1,0,12,39
2464,0,78,5,1,0,6,34
2465,1,31,,1,1,2,33
2466,0,62,9,3,0,16,37
2467,1,71,7,2,1,4,42
2468,0,51,5,3,0,1,22
2469,2,18,4,1,1,,
2470,0,70,6,1,0,13,60
2471,0,55,7,1,1,8,39
2472,0,99,1,3,1,16,28
2473,0,50,9,1,1,13,47
2474,1,59,6,3,1,6,37
2475,1,68,,1,0,20,40
2476,0,13,3,3,0,17,61
2477,0,25,7,2,1,10,40
2478,0,85,2,2,1,10,51
2479,1,81,5,1,0,5,21
2480,1,3,7,3,1,16,46
2481,1,71,7,1,1,12,38
2482,0,95,1,1,1,10,64
2483,1,54,7,1,0,10,30
2484,1,77,3,1,1,14,38
2485,0,93,,1,1,12,62
2486,1,77,7,1,1,5,63
2487,0,92,4,2,1,14,39
2488,1,32,2,1,1,7,29
2489,1,42,5,1,0,15,41
2490,0,28,1,1,1,5,30
2491,0,74,1,1,0,14,40
2492,0,35,7,3,0,9,43
2493,0,56,9,1,1,17,36
2494,1,98,7,3,0,16,43
2495,1,89,4,2,0,17,64
2496,0,29,7,1,1,21,37
2497,0,33,3,2,0,12,48
2498,1,70,5,3,0,8,39
2499,1,77,5,1,0,14,44
2500,1,35,3,3,1,17,60
2501,1,80,2,1,1,10,46
2502,1,6,7,1,1,11,53
2503,0,80,1,2,1,10,50
2504,0,52,3,1,0,2,17
2505,1,45,2,3,0,3,37
2506,1,97,1,2,0,9,62
2507,1,77,1,2,1,8,31
2508,0,98,,1,0,3,21
2509,0,99,2,1,0,7,46
2510,0,43,7,1,1,7,44
2511,0,20,2,1,1,4,26
2512,0,3,,3,1,19,49
2513,0,55,3,1,0,12,39
2514,0,25,2,3,1,17,42
2515,1,24,5,2,1,3,22
2516,1,42,1,1,0,19,50
2517,1,1,1,1,1,9,39
2518,1,53,,1,1,19,63
2519,0,76,7,1,1,5,38
2520,0,71,5,2,1,10,43
2521,1,35,7,3,1,3,18
2522,0,42,,3,0,14,40
2523,1,28,2,1,1,9,56
2524,0,84,5,1,1,8,48
2525,0,25,2,1,0,8,25
2526,0,89,7,1,0,8,48
2527,1,60,,2,1,16,37
2528,0,81,2,2,0,15,39
2529,0,81,7,3,1,10,63
2530,1,63,3,1,1,18,57
2531,0,48,3,3,1,8,36
2532,1,27,7,1,0,11,48
2533,0,11,1,2,1,5,24
2534,1,70,7,2,1,12,52
2535,0,53,2,2,0,13,36
2536,1,71,1,1,1,16,53
2537,1,8,,2,1,12,28
2538,1,13,,3,1,20,58
2539,0,68,7,2,1,12,50
2540,2,14,4,1,1,,
2541,0,17,2,3,1,2,17
2542,1,43,3,2,1,12,51
2543,0,41,,2,0,2,18
2544,0,73,7,1,1,16,29
2545,1,33,7,1,1,16,39
2546,1,45,7,3,0,11,37
2547,1,91,1,1,1,14,32
2548,1,11,,1,0,13,46
2549,0,12,1,1,1,4,19
2550,0,34,1,1,1,4,20
2551,1,0,,1,0,5,30
2552,0,1,7,2,1,17,44
2553,0,42,,3,1,13,36
2554,1,76,,3,0,12,35
2555,0,43,1,2,0,11,41
2556,0,39,1,1,1,15,29
2557,1,37,,1,0,19,39
2558,1,84,1,3,1,20,43
2559,1,7,9,3,0,8,48
2560,0,7,,1,0,21,37
2561,1,44,7,3,1,15,54
2562,0,98,5,1,0,13,37
2563,1,49,,1,1,20,27
2564,1,18,1,1,0,15,41
2565,1,62,1,2,1,9,48
2566,1,48,9,2,1,6,21
2567,0,97,2,1,0,22,42
2568,1,42,7,1,0,18,34
2569,0,62,5,1,0,16,32
2570,0,13,2,1,1,18,40
2571,0,97,1,2,1,7,31
2572,1,30,2,1,0,13,37
2573,1,72,,1,0,10,63
2574,0,73,7,1,0,4,38
2575,0,87,2,3,1,16,43
2576,1,15,7,1,0,13,58
2577,0,78,,1,1,10,41
2578,0,49,5,3,0,3,26
2579,1,35,7,1,0,16,47
2580,1,27,2,1,1,13,29
2581,1,49,7,2,1,11,43
2582,0,98,1,1,0,7,40
2583,1,34,3,1,0,15,54
2584,1,86,2,3,0,12,37
2585,0,15,,2,0,7,23
2586,0,10,2,1,1,13,38
2587,1,76,,2,0,4,38
2588,0,37,,3,0,2,16
2589,1,42,,3,0,8,52
2590,1,48,2,2,1,11,53
2591,0,50,5,3,0,13,43
2592,0,84,2,1,1,1,22
2593,1,69,7,2,0,19,44
2594,0,90,7,1,0,2,20
2595,0,56,,2,1,8,40
2596,1,51,,2,1,13,41
2597,1,58,7,3,1,11,37
2598,0,23,7,2,0,9,37
2599,1,9,7,1,0,5,63
2600,0,55,2,1,1,1,16
2601,1,48,2,2,0,13,42
2602,1,46,1,1,0,3,40
2603,1,44,2,3,0,11,55
2604,0,91,5,1,1,7,42
2605,0,50,1,3,1,18,52
2606,1,56,7,3,0,12,39
2607,0,90,1,2,1,7,25
2608,1,44,1,2,1,6,42
2609,1,17,2,1,1,14,53
2610,1,41,4,1,0,10,63
2611,1,36,2,2,0,9,26
2612,0,33,5,2,0,18,48
2613,0,78,1,1,1,16,51
2614,0,65,5,3,0,18,60
2615,1,23,2,1,1,1,19
2616,1,28,,3,1,13,47
2617,1,79,1,3,0,18,58
2618,0,85,,1,0,4,40
2619,1,62,2,3,1,14,39
2620,0,26,7,1,0,1,18
2621,1,24,9,3,0,15,43
2622,0,13,2,1,0,16,38
2623,0,42,3,1,1,15,35
2624,0,37,5,1,1,11,53
2625,1,45,7,2,1,8,45
2626,0,42,3,2,1,4,19
2627,1,7,5,1,1,12,46
2628,0,29,9,2,0,1,16
2629,1,60,9,3,0,19,41
2630,0,76,5,1,0,10,39
2631,0,4,2,1,1,2,22
2632,0,18,6,1,0,16,52
2633,1,47,3,1,1,12,48
2634,0,85,2,3,0,15,37
2635,0,45,5,1,0,14,58
2636,1,35,7,3,1,14,43
2637,1,28,5,1,1,11,45
2638,0,1,4,1,1,15,40
2639,1,70,9,1,1,10,31
2640,0,75,,2,0,12,39
2641,1,71,,1,1,12,40
2642,2,36,2,3,0,,
2643,1,53,,2,0,18,28
2644,0,72,4,1,0,12,40
2645,0,20,4,3,1,1,17
2646,1,14,5,1,1,17,45
2647,2,1,4,3,0,,
2648,0,60,,2,0,1,19
2649,0,7,1,2,1,20,31
2650,1,33,4,2,1,10,22
2651,0,10,7,1,1,10,39
2652,0,96,,2,1,15,60
2653,0,80,1,2,0,1,22
2654,1,83,8,1,0,13,40
2655,0,56,7,1,0,15,51
2656,1,80,,1,1,10,58
2657,0,20,,1,0,5,26
2658,1,82,7,1,1,6,53
2659,1,81,6,3,1,11,43
2660,0,44,5,3,1,19,54
2661,1,59,2,3,1,12,41
2662,1,53,3,1,1,16,40
2663,0,69,1,1,1,19,61
2664,0,83,,1,0,15,51
2665,0,43,8,1,1,17,52
2666,0,2,1,1,0,9,46
2667,1,65,7,2,1,6,59
2668,0,27,1,1,0,18,39
2669,0,95,3,2,0,1,22
2670,0,53,2,3,1,18,40
2671,1,11,,1,0,11,27
2672,0,21,1,2,0,4,31
2673,1,27,,1,1,14,32
2674,1,59,1,3,0,5,24
2675,1,24,5,1,0,7,44
2676,0,33,5,1,1,12,60
2677,0,34,2,1,0,10,63
2678,0,33,1,1,0,11,41
2679,0,5,2,3,0,10,27
2680,1,0,2,1,1,14,58
2681,1,78,7,2,1,18,43
2682,1,54,7,3,1,20,30
2683,1,81,,2,1,6,52
2684,0,96,1,1,1,12,53
2685,1,42,,1,0,9,39
2686,0,63,2,2,0,4,21
2687,0,67,7,3,1,20,55
2688,0,53,3,1,0,13,40
2689,0,17,,1,0,10,39
2690,1,17,1,2,1,12,37
2691,0,41,9,1,0,18,42
2692,1,57,1,3,1,22,29
2693,0,91,1,3,1,16,49
2694,1,48,5,1,0,6,32
2695,1,88,7,1,1,19,41
2696,2,42,1,1,1,,
2697,2,70,4,3,0,,
2698,1,19,1,3,0,20,43
2699,0,93,7,2,1,16,39
2700,1,22,,1,0,2,23
2701,1,13,1,2,1,7,57
2702,1,34,7,2,1,11,41
2703,1,37,7,2,1,18,37
2704,0,6,5,2,1,3,18
2705,1,11,7,1,0,3,21
2706,0,59,5,2,0,6,53
2707,0,56,3,3,1,5,29
2708,1,34,,1,1,10,37
2709,0,6,2,3,0,6,22
2710,0,77,5,1,0,2,19
2711,0,52,1,2,0,6,47
2712,1,0,7,3,1,11,30
2713,0,55,5,2,1,5,63
2714,1,50,1,3,1,1,19
2715,0,27,7,2,0,11,55
2716,1,46,9,1,0,7,50
2717,0,31,1,1,0,13,36
2718,0,69,,3,1,14,41
2719,0,69,8,2,1,6,29
2720,1,0,5,3,0,10,34
2721,0,3,7,1,1,17,48
2722,1,1,1,1,0,8,30
2723,1,71,7,1,1,18,39
2724,0,92,2,1,0,4,23
2725,1,20,3,2,0,11,52
2726,0,49,2,2,0,4,41
2727,1,88,2,3,1,2,29
2728,1,55,4,3,0,19,58
2729,1,76,,1,1,1,17
2730,0,15,2,1,0,11,57
2731,1,74,5,1,1,1,17
2732,1,36,1,1,0,7,56
2733,1,89,7,1,1,17,32
2734,1,35,7,3,0,10,60
2735,0,18,2,3,1,14,59
2736,0,40,,2,1,9,24
2737,0,28,5,1,1,3,19
2738,1,77,1,1,0,5,20
2739,0,48,1,3,1,15,32
2740,1,61,2,2,1,12,54
2741,0,6,3,3,0,4,18
2742,0,50,2,3,1,15,38
2743,0,67,1,3,1,20,38
2744,0,59,2,1,0,3,18
2745,1,8,7,1,1,18,40
2746,1,97,2,3,1,7,64
2747,1,5,,2,0,11,62
2748,1,96,2,1,0,4,50
2749,0,3,5,1,0,5,38
2750,1,42,3,3,0,20,37
2751,0,94,5,3,1,12,38
2752,1,11,5,2,1,14,57
2753,0,26,7,1,1,7,32
2754,0,17,5,1,0,11,54
2755,1,66,7,1,1,1,18
2756,1,11,9,1,0,8,48
2757,1,65,2,2,0,8,56
2758,0,17,7,2,0,19,62
2759,1,16,1,2,1,1,16
2760,0,55,3,1,0,11,41
2761,1,78,2,1,0,19,56
2762,1,34,7,1,0,9,25
2763,1,30,2,1,1,10,38
2764,1,12,2,1,1,20,62
2765,0,68,4,1,1,7,32
2766,1,93,2,3,1,8,28
2767,1,84,3,3,0,22,29
2768,0,86,7,1,0,3,22
2769,0,31,7,2,1,15,39
2770,0,24,7,3,1,13,40
2771,1,6,5,2,1,10,48
2772,0,15,3,2,1,13,63
2773,0,69,7,1,1,20,41
2774,1,50,7,1,0,14,61
2775,1,40,7,1,1,7,51
2776,0,59,,1,0,16,37
2777,1,0,1,1,1,1,20
2778,0,50,2,1,0,12,39
2779,0,54,,2,1,11,32
2780,0,77,2,2,1,16,32
2781,1,4,2,2,1,5,20
2782,1,91,4,1,0,12,29
2783,0,14,5,2,1,7,39
2784,0,6,7,1,0,13,28
2785,1,9,2,1,0,8,36
2786,0,94,1,1,1,11,49
2787,1,92,,2,1,6,37
2788,1,45,1,2,0,4,49
2789,1,66,2,2,1,7,25
2790,1,16,5,3,1,20,40
2791,0,72,2,1,0,3,29
2792,1,22,2,1,1,12,53
2793,0,77,1,2,1,14,46
2794,1,41,1,1,1,18,42
2795,1,9,2,1,0,17,51
2796,1,52,7,1,0,9,40
2797,1,6,4,1,1,14,32
2798,0,59,6,3,1,5,52
2799,1,80,,1,1,18,44
2800,1,29,2,1,0,2,29
2801,1,15,1,1,0,10,52
2802,1,36,2,1,0,3,21
2803,1,95,5,1,1,11,47
2804,0,61,,1,1,5,53
2805,1,0,7,3,0,4,25
2806,0,60,7,1,1,3,31
2807,1,9,7,1,1,11,60
2808,0,68,2,1,1,1,16
2809,1,44,5,1,0,10,48
2810,0,27,3,1,1,15,56
2811,1,29,3,1,0,22,41
2812,1,16,,3,1,1,16
2813,1,51,7,1,1,11,64
2814,0,42,3,3,1,18,31
2815,0,50,1,1,0,19,63
2816,1,87,2,1,1,14,28
2817,1,33,2,2,1,6,30
2818,0,82,,2,0,7,61
2819,0,63,7,2,0,14,40
2820,0,44,7,2,1,16,38
2821,0,13,3,2,0,11,32
2822,1,83,,1,0,3,36
2823,0,98,3,1,0,7,46
2824,0,41,9,2,0,7,22
2825,1,28,7,2,1,19,46
2826,1,73,,1,0,15,55
2827,1,17,2,3,0,14,44
2828,1,37,1,3,1,4,19
2829,1,2,7,3,0,11,38
2830,0,39,7,3,0,9,59
2831,1,16,1,1,1,11,49
2832,0,9,8,1,1,9,41
2833,0,60,4,1,1,3,18
2834,0,33,5,2,0,9,37
2835,1,30,7,2,0,2,20
2836,1,80,1,1,0,16,54
2837,1,81,5,1,0,10,30
2838,1,14,5,3,0,21,40
2839,1,12,9,1,0,10,40
2840,0,63,7,1,1,9,25
2841,1,19,,1,0,16,54
2842,1,80,1,1,0,6,49
2843,1,42,2,2,1,5,49
2844,1,98,2,1,1,13,42
2845,1,1,,1,0,11,43
2846,1,66,3,1,0,14,47
2847,1,50,1,1,0,12,41
2848,1,42,3,1,1,13,50
2849,0,65,,3,1,2,23
2850,1,74,,1,1,5,45
2851,0,36,9,2,1,16,42
2852,1,20,3,3,1,14,46
2853,0,65,5,3,1,7,32
2854,2,49,4,3,1,,
2855,1,81,7,1,1,17,42
2856,1,53,2,1,1,13,41
2857,1,9,7,1,1,17,60
2858,0,4,,1,1,1,15
2859,1,98,6,3,0,5,23
2860,1,13,,1,0,1,22
2861,1,4,2,1,1,4,43
2862,0,46,2,1,0,10,30
2863,0,90,7,1,0,16,52
2864,1,36,4,1,0,21,43
2865,1,11,7,3,0,3,20
2866,0,10,1,3,0,7,22
2867,0,53,,3,0,12,62
2868,1,20,5,3,0,10,45
2869,1,19,7,2,0,2,16
2870,0,99,,1,0,11,60
2871,0,49,9,3,1,15,39
2872,1,52,1,2,1,17,43
2873,1,59,2,1,0,13,36
2874,1,97,7,2,0,18,40
2875,0,71,2,3,0,2,19
2876,0,68,5,3,0,10,36
2877,0,59,3,2,1,18,50
2878,0,73,3,1,1,9,32
2879,1,62,6,1,1,5,43
2880,0,43,1,1,0,7,50
2881,0,71,1,2,1,11,55
2882,1,62,7,1,0,9,31
2883,0,84,2,1,1,2,22
2884,1,99,,1,0,15,55
2885,1,70,2,1,1,4,48
2886,1,39,,1,0,14,56
2887,0,42,2,3,1,18,43
2888,0,37,4,3,1,16,55
2889,0,55,,1,1,8,31
2890,0,64,,2,1,20,58
2891,1,5,7,3,1,12,30
2892,0,59,7,2,1,7,52
2893,0,84,,1,0,11,37
2894,0,91,2,1,1,22,40
2895,1,85,9,1,1,5,50
2896,1,5,2,1,1,12,47
2897,1,94,7,2,0,5,55
2898,1,81,,2,1,5,52
2899,1,13,7,3,0,4,27
2900,0,29,1,1,1,18,31
2901,0,77,7,1,1,6,22
2902,1,57,2,1,1,7,43
2903,0,47,7,2,1,9,40
2904,1,26,7,3,1,11,40
2905,1,34,,1,0,14,53
2906,1,93,5,1,1,4,25
2907,0,89,2,3,0,8,40
2908,1,42,1,2,1,11,62
2909,1,31,9,3,0,6,38
2910,1,15,1,1,1,12,55
2911,1,55,9,1,0,11,49
2912,0,60,,3,0,4,41
2913,0,44,4,2,1,14,62
2914,1,76,1,2,1,11,35
2915,1,32,7,1,0,17,42
2916,0,23,7,2,1,9,48
2917,0,21,7,2,0,18,41
2918,1,58,2,1,1,5,28
2919,0,47,2,3,1,8,53
2920,2,0,4,1,1,,
2921,1,15,2,1,0,7,41
2922,0,34,7,2,1,10,36
2923,1,46,,2,1,4,46
2924,1,79,9,1,1,6,29
2925,0,36,2,2,1,19,39
2926,1,27,1,3,0,12,54
2927,0,49,7,2,1,14,57
2928,0,92,,1,0,5,25
2929,0,97,5,1,0,2,18
2930,0,46,9,1,0,3,20
2931,0,61,4,1,1,6,38
2932,0,4,4,1,0,17,32
2933,0,61,5,2,1,6,31
2934,1,26,8,1,1,9,31
2935,1,41,7,1,0,17,39
2936,1,23,2,1,1,11,33
2937,1,47,2,1,0,15,43
2938,0,79,6,2,0,2,17
2939,1,38,,1,1,17,31
2940,0,83,,2,1,14,47
2941,1,38,5,1,0,10,54
2942,0,10,,3,0,10,47
2943,0,65,,3,0,17,38
2944,0,45,7,2,0,7,40
2945,0,79,,1,0,18,45
2946,0,14,3,1,1,7,27
2947,0,75,7,1,0,11,40
2948,0,23,7,1,1,2,20
2949,1,68,8,1,0,17,40
2950,0,19,2,1,1,10,62
2951,0,13,2,3,0,12,40
2952,1,28,7,3,1,16,42
2953,0,45,1,3,1,8,45
2954,1,23,1,1,0,16,43
2955,0,74,2,3,0,13,27
2956,0,17,8,1,1,19,58
2957,0,66,1,2,0,11,48
2958,0,10,7,2,1,14,42
2959,1,1,1,1,1,11,64
2960,1,6,3,1,1,16,41
2961,0,56,1,1,1,12,42
2962,1,26,3,1,0,15,46
2963,2,17,4,2,1,,
2964,1,36,8,1,1,14,43
2965,1,24,,3,0,8,45
2966,1,81,1,1,1,5,48
2967,0,60,1,2,1,20,38
2968,0,38,5,3,0,16,40
2969,0,12,,1,1,6,43
2970,1,64,2,1,0,5,25
2971,1,5,7,3,1,8,49
2972,1,11,,3,0,17,61
2973,0,34,1,3,0,5,45
2974,1,1,2,3,0,15,42
2975,1,67,2,1,0,14,36
2976,0,16,1,1,1,8,53
2977,1,28,,2,0,18,40
2978,0,96,7,2,0,10,43
2979,1,39,5,1,0,18,41
2980,1,27,7,1,0,4,38
2981,0,26,5,3,1,21,37
2982,1,30,2,1,1,11,35
2983,0,2,5,1,1,17,32
2984,1,48,7,1,1,13,58
2985,0,69,5,2,1,14,31
2986,0,60,2,1,0,13,37
2987,1,51,,3,1,4,33
2988,1,20,,1,1,1,19
2989,0,37,1,3,1,2,17
2990,0,65,6,3,0,8,39
2991,1,48,2,1,0,11,53
2992,1,26,1,1,1,10,43
2993,1,85,2,2,0,4,22
2994,1,26,7,1,1,18,41
2995,0,60,1,1,1,2,20
2996,1,67,2,1,0,14,50
2997,1,57,1,2,0,10,44
2998,1,34,7,3,1,2,17
2999,2,28,4,2,1,,
3000,0,28,2,2,0,22,43
3001,0,48,6,1,0,20,40
3002,0,62,2,1,1,16,61
3003,1,72,5,1,1,4,54
3004,0,82,1,1,1,16,62
3005,0,36,3,2,1,8,48
3006,1,72,,1,1,21,29
3007,0,38,7,1,0,16,44
3008,1,40,1,3,1,17,35
3009,1,11,1,3,1,14,40
3010,1,16,,2,0,5,47
3011,1,84,2,3,0,3,23
3012,2,81,4,1,1,,
3013,1,94,3,3,0,6,49
3014,1,59,,3,0,1,16
3015,1,25,5,2,0,1,17
3016,0,25,2,3,0,11,32
3017,0,88,2,2,0,7,62
3018,1,16,,3,1,15,46
3019,0,98,7,2,1,14,31
3020,0,13,7,3,1,10,52
3021,0,4,,1,0,9,34
3022,1,21,,3,0,8,29
3023,1,37,4,3,1,7,23
3024,0,86,1,1,0,12,58
3025,0,27,2,1,1,9,40
3026,1,11,3,1,1,5,29
3027,0,83,1,1,1,5,40
3028,1,67,7,3,0,20,61
3029,0,85,7,1,0,13,39
3030,1,68,7,2,0,3,19
3031,0,95,1,1,1,5,21
3032,0,53,1,2,1,5,25
3033,1,60,2,3,0,12,38
3034,1,54,7,1,1,18,61
3035,0,98,1,3,0,13,37
3036,1,24,3,2,1,11,40
3037,1,30,2,3,1,18,46
3038,1,45,,3,0,13,59
3039,1,52,2,2,0,18,49
3040,1,87,5,1,0,5,51
3041,1,20,5,1,1,11,43
3042,0,76,3,3,1,15,46
3043,1,21,,1,1,18,36
3044,0,59,1,2,1,19,27
3045,0,52,2,2,1,2,21
3046,1,53,7,2,0,18,53
3047,0,20,5,1,1,19,55
3048,0,38,7,1,0,16,48
3049,0,72,3,3,1,12,50
3050,1,90,,3,0,5,20
3051,1,81,7,2,1,7,44
3052,1,72,,1,0,18,41
3053,1,67,5,3,0,17,33
3054,1,94,7,2,0,16,52
3055,1,96,,1,1,2,18
3056,1,43,9,1,0,18,49
3057,1,96,,1,0,9,41
3058,0,67,7,1,1,16,31
3059,0,83,,1,0,17,59
3060,0,28,2,1,1,6,35
3061,1,51,7,2,1,3,26
3062,0,78,7,1,0,13,55
3063,0,74,2,2,0,2,18
3064,0,96,2,2,1,4,22
3065,1,88,2,3,1,13,39
3066,1,29,2,2,1,2,22
3067,1,8,7,1,1,9,26
3068,1,88,7,2,0,1,27
3069,1,59,2,2,0,12,29
3070,1,74,1,2,1,1,19
3071,1,59,9,1,1,12,28
3072,0,87,7,1,1,10,38
3073,0,16,8,2,0,17,50
3074,0,31,1,1,1,12,48
3075,0,36,9,1,1,16,58
3076,1,9,1,1,1,4,26
3077,0,19,7,2,0,2,17
3078,1,54,5,1,0,7,35
3079,0,34,5,1,1,20,58
3080,0,87,2,3,0,10,59
3081,1,61,,3,1,9,46
3082,0,68,7,1,1,2,20
3083,0,44,,1,1,12,46
3084,1,57,2,2,1,16,58
3085,0,91,,2,0,5,39
3086,2,18,4,3,0,,
3087,0,64,1,1,0,9,31
3088,0,92,5,2,1,17,43
3089,0,27,7,2,1,2,17
3090,0,81,7,1,0,8,53
3091,1,88,7,2,1,3,22
3092,1,8,,2,0,9,45
3093,0,31,3,3,1,6,25
3094,0,51,,1,1,17,28
3095,0,14,5,3,1,2,19
3096,1,32,2,1,0,10,44
3097,0,2,2,2,1,19,39
3098,1,77,1,1,0,12,37
3099,1,73,5,1,1,3,21
3100,1,19,,1,0,7,63
3101,0,68,7,3,0,12,30
3102,0,37,3,2,0,2,27
3103,1,5,5,1,0,20,64
3104,1,19,3,1,1,2,23
3105,0,88,1,1,0,12,52
3106,1,13,2,1,1,21,28
3107,1,98,,3,0,9,57
3108,0,94,9,1,0,10,50
3109,1,75,1,1,1,10,59
3110,0,14,4,2,1,8,23
3111,0,42,2,1,1,4,20
3112,0,41,5,3,1,1,16
3113,1,52,3,1,1,18,48
3114,0,48,4,1,1,18,43
3115,0,40,7,1,0,8,36
3116,0,16,1,1,0,7,39
3117,1,68,2,2,1,6,22
3118,0,54,1,3,0,9,24
3119,0,13,,3,0,19,57
3120,1,89,1,1,1,10,38
3121,0,82,7,1,0,19,58
3122,1,17,7,3,1,15,37
3123,1,71,1,3,0,20,41
3124,1,73,5,3,1,9,36
3125,1,2,1,3,1,5,39
3126,0,7,2,3,0,12,31
3127,0,39,1,1,0,10,46
3128,1,96,7,3,1,16,52
3129,1,44,3,3,1,11,62
3130,1,53,8,1,0,17,46
3131,1,63,5,2,1,3,18
3132,0,33,5,1,1,7,42
3133,1,89,7,1,0,2,18
3134,1,53,7,1,0,5,22
3135,0,83,2,1,0,16,55
3136,0,60,5,1,1,3,19
3137,1,48,,1,0,9,24
3138,0,34,2,1,1,6,46
3139,0,65,2,3,1,17,44
3140,1,2,7,3,0,16,32
3141,1,92,5,1,1,3,22
3142,0,98,7,1,0,6,25
3143,1,0,7,1,0,5,21
3144,0,94,7,1,1,8,39
3145,0,17,2,3,1,7,39
3146,1,79,3,1,0,15,39
3147,1,21,5,2,1,17,41
3148,0,11,,3,1,10,43
3149,1,31,,2,1,5,37
3150,1,66,2,1,0,5,26
3151,2,20,4,2,1,,
3152,1,6,2,3,1,3,18
3153,1,87,2,3,0,15,44
3154,1,63,8,1,1,19,60
3155,1,88,4,2,1,21,41
3156,0,23,2,1,0,4,41
3157,0,46,5,1,1,1,20
3158,0,27,8,1,1,12,47
3159,0,16,2,2,0,12,50
3160,0,87,4,1,0,21,39
3161,1,71,2,1,1,4,40
3162,1,76,6,1,1,15,39
3163,0,38,6,2,0,19,49
3164,1,53,7,1,1,14,31
3165,1,56,7,2,1,10,42
3166,0,96,1,1,0,20,62
3167,0,36,3,1,0,5,22
3168,0,89,1,2,0,22,41
3169,0,96,4,1,1,19,53
3170,1,67,9,1,0,11,49
3171,0,36,2,2,1,10,50
3172,1,69,5,2,0,5,56
3173,0,55,1,1,1,1,16
3174,1,67,2,2,0,9,41
3175,0,82,1,1,0,16,33
3176,0,60,,2,0,16,40
3177,0,93,,2,0,6,39
3178,0,21,5,1,1,9,46
3179,0,87,9,2,1,17,38
3180,0,96,4,1,1,19,43
3181,0,39,2,3,0,6,41
3182,1,50,2,2,0,15,50
3183,0,64,1,1,0,14,43
3184,1,2,7,2,1,7,41
3185,0,25,2,1,0,10,61
3186,1,22,,1,1,2,20
3187,0,75,2,1,1,14,43
3188,0,94,2,1,0,1,18
3189,0,40,2,1,0,11,54
3190,1,18,,2,0,15,32
3191,1,29,2,2,1,12,58
3192,1,37,2,3,1,16,49
3193,1,6,3,3,0,7,39
3194,0,38,7,1,0,11,39
3195,1,4,7,1,0,18,36
3196,1,11,1,1,0,8,40
3197,0,83,1,3,0,14,41
3198,0,66,7,1,1,1,20
3199,1,98,,1,1,15,48
3200,1,51,7,1,0,1,22
3201,0,61,2,1,1,1,17
3202,0,74,2,1,1,2,23
3203,0,25,,2,1,7,32
3204,1,51,1,1,1,4,23
3205,0,35,,1,0,20,58
3206,1,32,2,1,0,1,22
3207,1,46,,1,0,21,30
3208,1,53,,3,0,15,50
3209,1,10,7,2,0,15,53
3210,1,80,7,1,0,1,29
3211,1,52,1,3,1,7,24
3212,1,62,2,2,0,13,36
3213,1,27,8,2,1,16,46
3214,1,2,2,1,1,9,24
3215,0,14,,1,1,7,41
3216,0,59,7,1,1,1,19
3217,1,95,7,1,0,8,49
3218,1,38,6,1,1,22,41
3219,1,94,2,1,0,3,19
3220,0,53,7,2,0,11,45
3221,1,59,3,3,1,11,58
3222,2,40,4,2,0,,
3223,2,44,4,1,1,,
3224,1,67,7,2,0,3,21
3225,0,19,1,1,1,4,37
3226,1,43,9,2,0,11,44
3227,0,37,7,2,0,2,22
3228,1,36,1,1,0,13,53
3229,0,69,5,3,1,6,53
3230,1,31,2,1,0,12,47
3231,0,84,,2,1,16,41
3232,1,7,2,1,1,9,24
3233,0,7,2,1,1,17,58
3234,0,35,7,1,1,19,30
3235,0,88,3,2,1,12,52
3236,0,37,7,1,1,5,24
3237,1,94,7,1,0,13,53
3238,0,23,5,1,0,14,40
3239,1,15,1,3,0,5,46
3240,0,90,,1,1,6,41
3241,0,34,7,1,1,16,38
3242,1,4,7,2,1,14,59
3243,0,24,1,1,0,7,44
3244,1,24,2,1,0,13,58
3245,0,86,4,3,0,7,58
3246,1,73,2,1,1,4,49
3247,1,0,7,1,1,5,32
3248,0,32,,2,0,5,60
3249,1,46,7,1,1,14,36
3250,0,27,6,3,1,4,25
3251,1,95,2,3,1,8,41
3252,1,59,,3,1,14,30
3253,1,42,2,3,1,7,27
3254,1,8,2,1,0,1,16
3255,2,47,4,3,0,,
3256,1,76,2,2,0,6,31
3257,0,64,,1,1,10,37
3258,1,77,5,1,1,18,39
3259,0,74,,3,0,10,64
3260,1,6,8,3,0,11,38
3261,0,6,3,1,1,5,42
3262,0,65,9,1,0,12,58
3263,1,37,7,2,0,5,36
3264,0,88,2,1,1,17,39
3265,0,64,1,3,0,11,50
3266,0,68,,1,1,5,22
3267,0,20,3,3,1,9,30
3268,1,93,7,1,0,20,31
3269,0,96,,1,0,1,23
3270,0,47,2,1,1,5,60
3271,1,21,3,3,1,16,31
3272,0,75,,2,0,9,24
3273,1,72,9,1,0,11,39
3274,1,44,2,1,1,18,44
3275,1,24,7,1,0,6,42
3276,0,10,,3,0,3,38
3277,0,92,,2,0,10,55
3278,0,66,2,2,0,9,35
3279,0,55,2,1,0,14,58
3280,1,49,2,1,1,21,30
3281,1,67,,1,0,4,19
3282,1,8,1,3,0,13,58
3283,1,46,3,1,1,6,38
3284,1,98,5,2,0,2,26
3285,0,51,1,2,1,9,31
3286,0,23,9,1,0,20,56
3287,1,30,,2,1,4,31
3288,2,47,4,3,0,,
3289,0,43,3,1,0,12,39
3290,0,22,7,3,1,18,55
3291,1,33,7,1,0,13,61
3292,0,71,5,2,1,3,44
3293,1,98,,3,0,17,31
3294,1,90,7,2,0,6,31
3295,0,14,5,3,1,9,53
3296,1,78,2,2,1,17,43
3297,0,39,7,1,0,13,42
3298,2,1,4,2,1,,
3299,1,27,7,2,1,12,37
3300,0,47,5,1,0,14,56
3301,0,5,,1,1,6,30
3302,0,17,2,2,0,19,61
3303,0,51,8,2,1,11,50
3304,0,43,,1,0,12,36
3305,0,25,1,1,1,11,40
3306,0,50,2,1,0,7,26
3307,1,96,1,3,0,14,39
3308,1,5,2,1,1,14,38
3309,0,34,,3,1,3,43
3310,1,83,3,2,1,12,56
3311,1,57,7,1,1,8,38
3312,2,49,4,3,0,,
3313,1,10,3,3,1,5,22
3314,1,50,2,1,1,12,45
3315,1,77,3,1,1,5,23
3316,1,31,,1,0,18,57
3317,0,35,2,1,1,11,47
3318,0,37,7,3,1,19,55
3319,1,67,2,2,1,19,51
3320,1,16,7,3,0,6,23
3321,0,38,,3,1,14,37
3322,2,24,2,2,1,,
3323,0,99,1,3,0,8,44
3324,0,32,1,1,1,10,44
3325,0,80,7,3,0,1,21
3326,0,83,7,3,1,22,42
3327,0,84,7,1,0,15,44
3328,1,58,1,1,0,6,56
3329,1,97,,3,0,13,43
3330,1,70,1,1,1,18,62
3331,1,18,2,1,0,8,46
3332,1,43,1,1,0,3,19
3333,1,30,3,1,1,17,38
3334,1,63,1,1,1,12,52
3335,0,47,1,1,0,16,38
3336,0,47,7,1,1,8,38
3337,0,58,6,1,1,16,41
3338,1,48,7,1,1,10,53
3339,0,76,1,1,0,21,31
3340,0,61,,1,0,2,26
3341,1,19,5,2,1,6,37
3342,0,51,9,1,0,7,32
3343,2,3,4,1,1,,
3344,1,66,,2,1,1,22
3345,0,83,2,3,0,12,40
3346,1,61,2,3,0,3,26
3347,0,99,9,3,1,18,32
3348,1,93,1,3,1,6,61
3349,0,11,6,2,0,9,36
3350,0,53,7,2,0,6,42
3351,1,13,,2,0,15,35
3352,0,14,7,2,0,1,23
3353,1,91,,1,1,1,23
3354,0,18,7,1,1,11,39
3355,1,50,7,1,0,3,27
3356,0,47,2,1,1,6,58
3357,0,25,7,2,0,4,18
3358,0,30,7,2,1,11,44
3359,0,82,,1,0,3,26
3360,1,77,1,2,0,5,54
3361,1,68,3,1,1,9,49
3362,0,60,2,2,0,13,46
3363,0,25,7,3,1,3,17
3364,0,77,7,1,1,3,24
3365,2,29,4,1,0,,
3366,0,98,7,1,1,14,42
3367,1,75,9,1,1,1,17
3368,1,7,2,2,0,16,50
3369,1,90,,1,0,10,40
3370,0,8,,3,1,5,63
3371,1,56,5,1,0,17,40
3372,0,62,8,3,0,15,63
3373,1,19,1,1,0,5,26
3374,1,77,7,1,1,12,58
3375,0,37,2,3,1,6,24
3376,1,74,7,1,0,16,35
3377,0,12,7,1,1,7,29
3378,1,17,2,2,0,14,55
3379,1,51,1,1,1,2,18
3380,0,41,7,3,1,14,62
3381,0,26,,1,0,4,24
3382,0,90,,3,0,10,40
3383,0,47,2,2,1,10,35
3384,0,11,,1,0,6,21
3385,1,23,6,1,0,9,42
3386,0,24,4,3,1,2,18
3387,1,19,7,2,1,15,41
3388,0,81,5,1,0,7,31
3389,1,27,,2,0,19,45
3390,1,20,,3,0,7,48
3391,0,93,7,1,0,7,26
3392,0,41,2,1,0,10,41
3393,1,23,5,1,1,7,63
3394,0,39,1,1,0,22,43
3395,0,76,2,1,0,3,24
3396,0,18,7,1,1,9,57
3397,1,70,4,1,0,11,32
3398,0,69,,3,1,7,46
3399,0,95,2,1,0,2,21
3400,1,46,2,1,1,18,30
3401,1,92,8,1,1,4,24
3402,1,73,5,1,0,10,32
3403,1,27,2,1,1,2,23
3404,1,2,3,2,0,22,44
3405,1,89,2,1,1,3,21
3406,1,35,4,1,1,10,38
3407,0,53,2,3,1,19,56
3408,1,10,7,1,0,18,45
3409,1,75,6,1,0,16,40
3410,1,93,3,1,0,16,77
3411,1,68,,1,1,20,37
3412,1,66,,1,1,7,44
3413,1,93,2,1,0,3,20
3414,1,46,,2,1,10,51
3415,0,43,3,3,1,11,54
3416,1,6,7,1,1,11,41
3417,1,91,1,1,0,7,44
3418,1,18,1,3,0,19,58
3419,1,13,,1,1,18,44
3420,0,96,2,1,1,19,37
3421,1,60,1,2,1,18,55
3422,1,38,7,1,0,5,39
3423,1,57,1,2,0,1,18
3424,1,39,7,2,1,11,40
3425,0,32,7,1,1,12,31
3426,0,40,9,1,0,17,58
3427,0,67,2,1,1,17,36
3428,1,77,7,1,1,16,43
3429,1,37,1,3,0,15,53
3430,0,77,1,2,1,9,53
3431,0,97,3,2,0,5,21
3432,1,99,6,1,1,2,29
3433,1,10,3,1,0,2,19
3434,1,20,1,1,0,16,44
3435,1,80,,2,0,1,15
3436,1,4,2,1,1,5,59
3437,0,79,5,3,0,12,54
3438,0,11,7,1,0,2,21
3439,1,45,,2,1,19,43
3440,1,18,7,1,0,5,59
3441,1,44,7,3,1,20,29
3442,1,17,5,1,1,14,55
3443,0,11,,1,1,5,22
3444,1,75,7,2,0,7,40
3445,0,62,2,2,1,11,51
3446,0,8,7,1,0,14,50
3447,1,43,2,3,0,17,40
3448,0,26,2,3,0,9,40
3449,1,52,6,3,1,3,43
3450,1,85,5,1,0,6,24
3451,0,88,,3,0,10,47
3452,1,22,5,1,0,13,53
3453,1,57,5,2,0,14,28
3454,0,15,,1,0,18,48
3455,0,29,,1,1,11,63
3456,1,11,,1,1,12,58
3457,1,13,7,1,0,16,61
3458,0,35,7,3,1,19,40
3459,1,62,9,1,1,2,17
3460,0,22,2,1,0,2,18
3461,0,28,7,2,1,17,55
3462,1,96,1,3,0,17,60
3463,0,7,2,2,0,2,33
3464,1,38,2,1,1,4,35
3465,1,71,7,3,1,7,39
3466,0,65,4,1,0,18,38
3467,0,31,4,1,0,21,37
3468,0,4,,1,0,7,31
3469,1,90,1,1,1,5,30
3470,1,56,1,2,1,6,50
3471,1,95,4,3,1,8,64
3472,0,10,5,2,1,18,40
3473,2,34,4,1,0,,
3474,0,93,7,1,0,14,38
3475,1,12,5,2,0,3,32
3476,0,39,7,2,0,7,28
3477,1,90,2,2,1,7,21
3478,0,54,1,1,0,17,31
3479,1,39,4,1,0,13,53
3480,0,30,,1,0,20,58
3481,0,37,7,3,0,4,20
3482,1,71,1,2,1,2,17
3483,0,19,1,3,1,15,61
3484,1,10,2,3,1,20,41
3485,1,11,2,3,1,9,36
3486,0,67,7,1,0,18,61
3487,1,4,1,3,0,18,40
3488,0,63,7,1,1,9,42
3489,1,90,6,1,1,9,48
3490,0,45,2,3,0,14,37
3491,1,69,2,2,0,10,41
3492,0,83,7,1,0,19,51
3493,0,30,1,3,0,18,53
3494,0,72,6,3,0,1,19
3495,1,57,2,3,0,8,30
3496,0,99,7,1,1,19,31
3497,1,73,7,2,1,18,31
3498,1,28,7,1,0,5,22
3499,0,29,7,1,1,7,38
3500,1,71,9,2,0,17,50
3501,1,63,8,1,1,18,47
3502,0,5,5,3,1,3,20
3503,1,53,2,2,1,10,38
3504,1,39,7,1,1,6,54
3505,1,41,5,1,0,14,43
3506,1,19,2,1,0,15,42
3507,0,70,2,1,0,5,62
3508,0,89,1,1,0,5,31
3509,1,85,1,1,1,15,39
3510,2,48,4,2,1,,
3511,0,23,1,2,0,10,51
3512,0,68,2,1,1,8,23
3513,2,80,4,2,1,,
3514,0,25,,1,0,8,55
3515,1,11,8,3,1,18,42
3516,0,93,3,1,1,15,40
3517,1,47,,1,1,6,60
3518,1,45,4,1,1,8,37
3519,0,16,7,1,1,11,39
3520,0,41,1,1,1,16,54
3521,1,27,,3,1,16,37
3522,1,73,2,3,1,11,28
3523,0,33,,2,0,19,42
3524,0,38,2,1,1,18,44
3525,0,55,,1,0,2,21
3526,0,84,8,3,1,13,39
3527,1,77,2,3,0,18,39
3528,0,69,7,1,1,7,53
3529,1,37,4,3,1,16,57
3530,0,19,,3,1,8,44
3531,1,4,5,2,1,11,48
3532,1,27,1,3,1,7,27
3533,0,62,2,2,1,8,36
3534,1,92,7,2,1,3,42
3535,1,8,7,3,0,6,23
3536,0,46,5,2,0,18,50
3537,0,1,2,1,0,4,20
3538,0,19,1,1,0,8,40
3539,1,94,4,1,1,16,32
3540,0,49,,1,1,7,63
3541,0,72,1,1,0,11,31
3542,1,23,2,1,0,10,42
3543,1,15,1,3,1,21,31
3544,1,25,,2,0,1,19
3545,1,66,,3,0,4,43
3546,1,91,7,2,1,9,34
3547,0,19,2,2,0,8,42
3548,0,65,,2,0,12,59
3549,1,0,5,1,0,7,51
3550,1,50,5,1,1,16,29
3551,0,37,1,1,1,8,55
3552,0,33,5,2,1,9,25
3553,0,97,1,1,0,10,43
3554,0,34,4,1,1,16,39
3555,1,96,7,1,0,21,41
3556,1,38,7,3,0,3,20
3557,1,79,1,2,0,18,39
3558,0,16,,3,1,7,63
3559,1,80,9,3,1,17,32
3560,0,98,5,1,1,7,37
3561,1,15,2,1,1,5,49
3562,1,76,,2,0,10,44
3563,1,70,2,2,0,10,27
3564,0,43,,3,1,18,45
3565,2,14,4,3,1,,
3566,0,96,1,2,1,10,41
3567,1,17,2,2,1,14,37
3568,1,13,5,2,0,5,62
3569,1,24,,2,0,12,44
3570,0,13,9,1,0,7,55
3571,1,9,3,1,1,3,41
3572,0,54,5,2,1,2,31
3573,1,68,7,1,1,3,21
3574,1,33,1,1,0,6,26
3575,1,82,4,2,1,13,44
3576,1,10,,1,0,11,48
3577,0,29,5,3,0,10,53
3578,1,57,3,1,0,12,61
3579,1,32,1,3,0,20,30
3580,1,61,1,1,0,10,45
3581,1,38,,1,1,6,60
3582,1,66,3,1,0,17,56
3583,1,71,5,2,0,5,52
3584,0,95,1,1,0,10,55
3585,1,41,2,3,1,20,55
3586,1,79,1,2,0,10,38
3587,1,85,,2,0,2,20
3588,1,15,1,2,1,18,56
3589,1,73,1,3,0,17,55
3590,1,32,7,1,1,19,39
3591,0,15,2,1,0,10,39
3592,0,72,,1,0,12,63
3593,1,71,5,1,0,5,21
3594,0,45,7,1,0,18,31
3595,1,81,5,1,0,6,42
3596,1,57,5,1,0,20,40
3597,0,71,3,2,1,16,63
3598,0,72,7,2,1,5,23
3599,0,11,,3,1,6,61
3600,0,88,,1,0,16,55
3601,1,85,4,1,0,18,42
3602,1,23,1,1,0,12,29
3603,0,90,5,1,1,14,63
3604,0,3,1,3,1,9,46
3605,0,54,,1,0,6,23
3606,1,52,,3,0,15,60
3607,0,99,1,1,0,1,16
3608,0,86,6,3,0,8,44
3609,0,69,7,1,0,4,20
3610,0,1,2,3,1,16,30
3611,0,20,,2,1,10,47
3612,0,27,4,3,0,15,38
3613,0,27,1,1,1,9,45
3614,0,59,5,2,1,18,56
3615,1,63,4,1,1,8,39
3616,0,42,3,3,0,2,16
3617,1,11,7,1,1,3,27
3618,0,2,5,2,1,19,51
3619,1,18,,1,1,1,21
3620,0,21,5,1,0,5,26
3621,1,13,1,3,0,15,42
3622,1,84,2,1,0,2,34
3623,0,56,7,2,1,15,33
3624,1,54,2,1,1,7,33
3625,1,24,7,3,1,18,64
3626,1,86,2,1,1,12,39
3627,0,92,1,3,1,14,56
3628,1,47,2,1,1,14,43
3629,1,17,1,3,0,22,41
3630,1,16,3,2,1,8,39
3631,1,76,4,3,1,16,55
3632,1,82,,1,0,9,27
3633,0,32,1,1,0,5,34
3634,1,35,,3,1,15,54
3635,1,51,5,3,0,9,40
3636,1,42,2,1,1,18,47
3637,0,84,7,2,1,11,59
3638,1,73,7,1,0,6,21
3639,1,49,1,3,0,15,43
3640,1,64,,1,0,10,32
3641,0,78,7,2,0,12,42
3642,1,39,,2,1,8,55
3643,1,62,,1,0,15,46
3644,0,13,2,3,1,17,49
3645,0,47,7,3,0,14,56
3646,1,0,1,1,0,4,36
3647,0,62,,2,0,4,46
3648,1,82,2,1,0,5,63
3649,1,66,3,1,1,12,40
3650,1,85,4,1,1,2,18
3651,0,91,7,1,0,2,18
3652,0,20,1,3,1,17,62
3653,0,7,,1,1,8,26
3654,2,78,7,1,0,,
3655,0,82,,1,1,19,43
3656,1,14,3,1,1,3,41
3657,0,95,,3,0,8,56
3658,0,15,9,1,1,9,55
3659,1,76,2,3,0,10,41
3660,0,99,2,1,0,7,36
3661,0,34,7,1,1,7,52
3662,0,79,5,1,0,15,40
3663,0,62,,2,0,1,19
3664,1,5,7,1,1,7,27
3665,1,19,1,1,0,6,28
3666,0,56,1,3,0,10,60
3667,1,3,5,1,1,8,34
3668,1,79,3,1,1,6,62
3669,0,11,7,2,0,18,40
3670,0,62,2,2,1,17,40
3671,1,98,,2,0,7,25
3672,0,32,4,1,1,13,30
3673,0,72,7,1,1,11,38
3674,0,59,3,1,0,3,19
3675,0,88,3,2,1,1,18
3676,0,27,1,2,0,11,52
3677,0,3,2,1,1,20,31
3678,1,52,7,1,0,19,48
3679,1,72,,3,0,6,25
3680,0,17,5,3,0,3,34
3681,1,90,3,1,1,20,55
3682,0,94,2,1,1,11,39
3683,1,67,,1,1,11,60
3684,0,13,1,3,1,4,43
3685,0,86,2,2,1,16,28
3686,1,20,2,3,1,15,41
3687,0,84,7,1,1,14,46
3688,0,87,4,2,1,5,23
3689,1,26,1,1,1,7,50
3690,1,86,7,1,0,17,60
3691,0,73,5,2,0,11,44
3692,1,47,,3,1,6,56
3693,1,58,7,2,1,21,32
3694,0,91,1,1,1,10,33
3695,0,33,9,2,1,3,39
3696,0,27,2,3,0,15,55
3697,0,47,,1,1,8,39
3698,1,49,7,1,0,4,22
3699,1,40,7,1,0,5,27
3700,0,64,9,1,0,19,46
3701,1,93,,2,0,9,43
3702,0,74,1,1,0,10,24
3703,0,37,3,2,0,9,44
3704,0,54,1,3,1,6,42
3705,0,26,7,1,1,15,46
3706,0,20,6,2,1,10,51
3707,0,10,5,1,1,4,24
3708,1,72,2,1,0,19,54
3709,1,31,1,1,0,8,62
3710,1,12,,1,0,13,43
3711,1,61,7,2,1,9,56
3712,1,22,2,1,0,19,60
3713,1,72,8,3,1,8,24
3714,0,83,7,1,0,6,55
3715,1,19,6,3,1,10,43
3716,1,81,5,2,0,1,19
3717,0,88,2,1,1,18,59
3718,2,22,4,1,1,,
3719,1,26,5,1,0,6,61
3720,1,23,,1,0,15,45
3721,1,84,2,1,1,7,23
3722,1,69,5,1,0,7,42
3723,1,31,2,3,0,7,24
3724,0,24,4,2,0,9,41
3725,0,37,,1,1,5,47
3726,1,36,3,1,0,19,41
3727,2,65,4,1,0,,
3728,1,27,3,2,1,21,31
3729,0,6,2,1,0,19,57
3730,1,85,7,2,0,6,57
3731,1,91,,1,0,8,26
3732,1,47,7,1,0,2,25
3733,0,70,,1,0,11,40
3734,1,46,7,1,0,21,40
3735,0,91,9,1,0,15,56
3736,0,64,6,1,1,10,25
3737,1,86,7,2,0,8,36
3738,1,19,2,3,1,19,58
3739,1,59,4,3,0,5,26
3740,1,82,1,1,0,8,38
3741,1,19,,2,1,16,47
3742,1,79,3,3,1,16,56
3743,1,85,3,1,0,22,31
3744,0,57,2,1,1,9,36
3745,1,90,1,1,1,20,40
3746,0,64,,2,1,16,56
3747,1,8,7,1,1,10,27
3748,0,82,,2,1,18,61
3749,1,3,4,2,0,1,16
3750,0,78,7,2,1,6,45
3751,1,44,,2,1,13,39
3752,1,67,6,2,1,16,56
3753,1,16,7,1,0,3,20
3754,1,74,8,1,0,19,56
3755,0,38,2,3,1,7,23
3756,0,22,,2,0,10,40
3757,1,75,,2,0,2,18
3758,1,71,8,1,1,12,58
3759,1,68,3,1,1,4,22
3760,1,73,2,1,0,18,41
3761,1,87,8,1,1,13,44
3762,1,48,3,1,0,14,50
3763,0,37,,2,1,20,36
3764,1,29,2,1,1,15,60
3765,1,20,3,1,0,18,54
3766,0,47,2,1,1,19,47
3767,0,25,,3,0,16,35
3768,1,44,2,1,1,14,46
3769,0,40,1,3,1,5,24
3770,0,54,6,1,0,17,29
3771,1,78,7,1,0,17,43
3772,1,45,7,1,1,2,18
3773,0,44,,2,1,18,41
3774,1,38,3,3,0,2,19
3775,1,16,1,2,0,8,32
3776,0,46,5,1,1,19,40
3777,1,13,2,3,1,6,48
3778,0,99,1,3,0,10,46
3779,2,68,4,2,0,,
3780,0,10,2,3,0,8,24
3781,1,30,5,1,1,12,56
3782,0,12,2,1,0,11,44
3783,1,61,2,1,0,7,43
3784,0,56,2,3,0,13,34
3785,1,93,2,2,0,14,48
3786,0,12,,3,0,22,32
3787,1,1,7,3,0,6,52
3788,1,73,2,1,0,18,55
3789,0,52,7,1,1,6,61
3791,0,17,1,2,0,6,24
3792,1,81,2,2,1,5,41
3793,1,49,,2,1,15,60
3794,1,47,4,1,0,2,23
3795,0,88,6,3,1,5,61
3796,0,51,2,1,1,9,52
3797,1,76,1,2,1,4,38
3798,0,13,7,1,1,17,49
3799,1,94,3,3,0,18,46
3800,1,19,,3,0,15,37
3801,1,76,1,1,1,17,46
3802,1,9,8,3,1,5,47
3803,1,54,1,1,1,11,56
3804,1,23,7,1,1,4,31
3805,1,52,3,2,0,4,40
3806,0,1,3,1,0,7,63
3807,1,73,5,1,0,21,41
3808,0,66,7,1,1,11,48
3809,1,44,7,2,0,11,62
3810,1,22,1,2,0,5,43
3811,1,60,2,3,0,4,20
3812,1,91,5,1,1,12,40
3813,0,12,4,1,1,6,38
3814,1,10,2,1,1,11,34
3815,0,99,9,1,1,5,36
3816,1,93,3,1,1,18,48
3817,0,65,7,3,0,13,60
3818,0,5,5,1,1,7,53
3819,0,62,,3,0,3,39
3820,1,65,4,1,0,17,37
3821,1,96,7,2,0,14,29
3822,0,37,7,3,1,18,58
3823,1,5,5,2,0,4,53
3824,0,33,3,1,0,3,23
3825,1,82,1,1,0,11,39
3826,0,33,1,1,0,7,39
3827,1,10,5,2,0,8,41
3828,1,81,1,1,0,6,25
3829,0,68,,1,1,15,37
3830,0,92,5,3,0,8,63
3831,0,10,9,2,1,6,46
3832,1,30,2,3,0,9,44
3833,1,88,7,1,0,16,32
3834,1,59,2,1,1,11,45
3835,0,19,,2,0,16,58
3836,1,16,7,2,1,7,22
3837,1,26,,1,1,17,27
3838,1,59,2,2,1,4,30
3839,1,78,7,3,1,2,25
3840,0,27,,3,0,5,55
3841,0,64,7,2,0,10,27
3842,0,24,,1,1,12,46
3843,0,0,2,1,1,16,28
3844,1,87,7,2,0,15,30
3845,1,72,7,1,1,5,62
3846,1,57,7,1,0,15,61
3847,1,8,1,1,1,14,56
3848,0,4,,3,0,13,59
3849,1,2,3,1,1,15,49
3850,0,55,,1,1,2,17
3851,0,5,7,3,0,3,23
3852,0,44,,1,0,4,35
3853,1,91,,1,1,19,42
3854,1,47,3,3,1,2,21
3855,0,89,,1,0,16,52
3856,1,74,3,2,0,7,25
3857,0,64,2,1,1,10,32
3858,1,57,9,1,1,1,19
3859,0,81,7,1,0,14,61
3860,1,14,,2,1,13,31
3861,0,87,5,2,0,9,49
3862,1,1,1,1,0,4,21
3863,0,30,5,3,0,20,32
3864,1,23,,1,1,10,54
3865,0,49,7,1,1,11,39
3866,1,56,1,1,1,9,27
3867,1,14,4,1,1,1,19
3868,1,60,1,2,1,4,20
3869,1,58,7,2,0,13,43
3870,1,31,1,1,0,5,33
3871,1,80,,1,0,4,34
3872,1,14,5,3,1,12,60
3873,0,32,2,1,0,11,39
3874,0,47,2,1,0,19,54
3875,0,2,7,1,1,5,32
3876,1,22,2,3,0,16,50
3877,1,55,,3,0,11,46
3878,0,99,,1,0,9,39
3879,0,74,,3,0,19,38
3880,1,77,7,1,0,14,49
3881,1,50,2,2,0,18,46
3882,1,18,1,1,1,9,41
3883,2,35,4,1,0,,
3884,1,69,7,3,1,18,31
3885,0,55,2,1,1,8,39
3886,1,74,7,2,0,5,21
3887,1,66,,2,0,7,53
3888,1,4,4,3,1,11,30
3889,0,39,5,2,0,18,42
3890,1,72,5,1,0,10,55
3891,1,61,5,3,1,7,40
3892,0,19,,1,1,15,39
3893,1,7,,3,1,4,21
3894,0,70,4,2,0,10,35
3895,0,18,4,2,1,2,23
3896,1,3,,1,1,13,38
3897,1,36,7,3,1,5,50
3898,0,91,1,1,0,6,59
3899,0,23,1,2,1,6,62
3900,1,78,2,1,1,3,31
3901,1,98,6,3,0,12,43
3902,1,2,7,2,0,9,56
3903,1,69,,1,1,17,36
3904,1,15,5,2,0,7,40
3905,1,72,6,3,0,5,50
3906,0,87,2,3,0,13,35
3907,1,8,,3,1,5,21
3908,0,64,1,3,0,1,18
3909,0,1,7,3,1,18,30
3910,0,38,4,1,0,10,37
3911,1,81,,1,0,5,63
3912,0,89,1,2,0,22,31
3913,1,11,5,1,1,6,58
3914,1,79,9,2,1,22,29
3915,1,17,2,2,0,15,58
3916,1,31,5,2,1,17,59
3917,0,79,7,1,0,4,20
3918,1,52,,3,0,18,40
3919,1,38,2,3,0,18,54
3920,0,90,8,1,1,9,56
3921,1,93,7,3,0,10,41
3922,0,90,2,1,1,3,36
3923,0,90,2,3,0,16,39
3924,0,72,3,3,1,10,41
3925,1,81,,3,0,7,39
3926,0,24,7,1,1,18,63
3927,0,29,7,1,1,7,39
3928,1,71,3,2,1,6,35
3929,1,50,,2,1,10,28
3930,1,43,2,3,0,22,29
3931,2,19,4,3,1,,
3932,0,85,2,1,0,11,31
3933,1,65,,3,1,10,34
3934,1,38,7,1,1,16,40
3935,2,72,4,3,1,,
3936,0,57,2,2,1,16,57
3937,0,81,3,1,0,12,39
3938,1,25,2,3,1,9,44
3939,0,67,7,2,0,15,36
3940,1,9,5,1,0,9,40
3941,1,27,7,1,1,11,39
3942,1,82,7,1,0,12,52
3943,0,19,2,2,0,2,20
3944,0,28,4,2,0,3,44
3945,0,77,5,3,0,7,23
3946,0,85,5,3,1,10,57
3947,1,26,,1,0,12,47
3948,0,44,1,1,0,13,31
3949,0,24,7,3,1,1,16
3950,0,72,2,3,1,12,49
3951,0,39,,2,1,9,42
3952,1,96,7,2,0,10,49
3953,1,79,1,2,1,2,18
3954,0,63,2,3,0,2,17
3955,1,87,6,1,1,7,47
3956,0,54,5,1,1,12,60
3957,1,4,,3,1,14,39
3958,0,8,2,2,1,16,47
3959,0,76,,1,0,3,25
3960,0,6,3,1,0,1,17
3961,1,11,1,3,1,5,25
3962,0,17,6,3,1,14,40
3963,1,10,,1,0,13,63
3964,1,28,7,3,0,5,61
3965,1,39,7,1,1,13,33
3966,1,53,,1,1,11,49
3967,1,90,7,2,0,7,39
3968,1,99,3,3,0,22,40
3969,1,93,7,2,1,10,40
3970,1,73,5,3,1,12,48
3971,1,2,2,3,0,16,38
3972,1,6,5,1,0,8,38
3973,1,24,7,3,0,17,54
3974,1,82,,2,1,9,56
3975,1,2,9,2,0,18,46
3976,1,0,,2,1,13,60
3977,1,31,7,1,1,16,52
3978,1,4,2,1,0,5,45
3979,0,67,2,1,1,18,43
3980,0,41,7,1,0,12,53
3981,1,34,1,1,0,1,23
3982,1,89,7,1,1,12,55
3983,0,19,,1,1,9,52
3984,0,74,9,2,0,10,57
3985,1,44,3,1,0,4,19
3986,1,1,1,1,0,21,41
3987,1,18,6,1,0,7,53
3988,1,97,1,1,1,1,23
3989,0,75,6,2,1,1,18
3990,0,99,1,3,0,1,19
3991,0,61,7,1,1,13,32
3992,0,99,7,2,1,18,37
3993,1,6,9,1,0,10,43
3994,1,5,7,2,0,12,28
3995,0,93,7,1,1,14,42
3996,1,8,1,1,0,19,42
3997,1,87,7,3,1,1,16
3998,2,60,4,3,0,,
3999,0,11,7,2,1,10,44
4000,0,76,,2,0,11,26
