,customer_id,state,property_valuation
0,1,2,10
1,2,2,10
2,4,1,9
3,5,2,4
4,6,3,9
5,7,2,9
6,8,2,4
7,9,2,12
8,11,3,8
9,12,1,4
10,13,3,6
11,14,2,8
12,15,2,9
13,16,3,4
14,17,3,9
15,18,2,12
16,19,2,9
17,20,2,8
18,21,2,7
19,24,2,10
20,25,1,3
21,26,1,5
22,27,3,7
23,28,1,4
24,29,1,7
25,30,2,11
26,31,2,12
27,32,2,9
28,33,2,9
29,34,1,8
30,35,1,6
31,36,2,8
32,37,1,1
33,38,1,4
34,39,2,10
35,40,2,8
36,41,3,9
37,42,3,10
38,43,1,8
39,44,1,2
40,45,2,3
41,46,3,6
42,47,2,4
43,48,3,9
44,49,2,9
45,50,2,10
46,51,1,5
47,52,2,8
48,53,1,3
49,54,2,8
50,55,2,10
51,56,2,10
52,57,1,6
53,58,2,9
54,59,2,9
55,60,2,10
56,61,2,7
57,62,2,8
58,63,2,9
59,64,3,8
60,65,2,10
61,66,2,10
62,67,2,10
63,68,3,7
64,69,3,7
65,70,2,12
66,71,2,10
67,72,1,6
68,73,2,8
69,74,1,8
70,75,2,8
71,76,1,9
72,77,1,5
73,78,2,9
74,79,2,10
75,80,3,1
76,81,2,6
77,82,3,8
78,83,2,12
79,84,2,11
80,85,2,11
81,86,2,11
82,87,2,12
83,88,2,12
84,89,2,11
85,90,2,10
86,91,2,9
87,92,3,10
88,93,3,10
89,94,2,7
90,95,3,10
91,96,2,11
92,97,2,8
93,98,2,10
94,99,2,9
95,100,2,12
96,101,2,10
97,102,2,9
98,103,2,12
99,104,1,10
100,105,2,10
101,106,2,9
102,107,2,12
103,108,2,8
104,109,2,11
105,110,3,8
106,111,2,12
107,112,3,11
108,113,1,4
109,114,2,9
110,115,3,1
111,116,2,8
112,117,1,6
113,118,3,10
114,119,3,7
115,120,2,2
116,121,2,9
117,122,1,2
118,123,2,8
119,124,3,8
120,125,2,10
121,126,1,4
122,127,1,1
123,128,2,5
124,129,2,9
125,130,2,7
126,131,1,3
127,132,2,8
128,133,1,1
129,134,2,11
130,135,3,6
131,136,1,3
132,137,2,10
133,138,2,9
134,139,1,1
135,140,3,9
136,141,2,11
137,142,3,9
138,143,1,6
139,144,2,3
140,145,2,5
141,146,2,11
142,147,2,11
143,148,3,8
144,149,1,7
145,150,2,7
146,151,2,9
147,152,2,12
148,153,2,8
149,154,2,8
150,155,2,10
151,156,3,11
152,157,3,8
153,158,2,6
154,159,2,10
155,160,2,11
156,161,2,10
157,162,2,10
158,163,3,10
159,164,1,4
160,165,2,10
161,166,1,4
162,167,1,6
163,168,3,6
164,169,2,9
165,170,3,8
166,171,2,11
167,172,3,4
168,173,2,8
169,174,2,9
170,175,3,11
171,176,2,8
172,177,2,5
173,178,2,7
174,179,2,9
175,180,1,8
176,181,3,1
177,182,1,4
178,183,2,10
179,184,2,1
180,185,2,5
181,186,1,7
182,187,2,10
183,188,2,11
184,189,3,4
185,190,2,9
186,191,2,7
187,192,3,6
188,193,1,7
189,194,1,5
190,195,3,9
191,196,2,8
192,197,2,12
193,198,3,7
194,199,2,8
195,200,1,2
196,201,2,9
197,202,1,5
198,203,2,11
199,204,3,10
200,205,3,9
201,206,2,9
202,207,1,8
203,208,1,7
204,209,2,11
205,210,3,9
206,211,2,10
207,212,1,4
208,213,1,4
209,214,1,9
210,215,1,3
211,216,2,10
212,217,2,11
213,218,2,8
214,219,2,8
215,220,3,8
216,221,2,8
217,222,2,11
218,223,2,7
219,224,2,12
220,225,2,9
221,226,2,7
222,227,2,9
223,228,2,7
224,229,2,10
225,230,2,11
226,231,2,10
227,232,2,9
228,233,2,10
229,234,2,10
230,235,2,8
231,236,3,2
232,237,2,11
233,238,2,8
234,239,1,3
235,240,2,9
236,241,1,7
237,242,2,9
238,243,2,8
239,244,3,6
240,245,3,1
241,246,1,5
242,247,2,4
243,248,2,10
244,249,2,11
245,250,2,10
246,251,2,8
247,252,2,7
248,253,2,7
249,254,3,1
250,255,3,2
251,256,2,7
252,257,2,5
253,258,2,6
254,259,2,6
255,260,1,2
256,261,2,1
257,262,2,10
258,263,2,9
259,264,2,10
260,265,3,9
261,266,2,10
262,267,2,10
263,268,2,9
264,269,3,7
265,270,3,10
266,271,1,2
267,272,2,12
268,273,3,9
269,274,3,8
270,275,2,4
271,276,3,8
272,277,1,8
273,278,2,12
274,279,2,11
275,280,2,8
276,281,2,6
277,282,1,5
278,283,1,6
279,284,2,11
280,285,2,12
281,286,1,7
282,287,2,8
283,288,3,7
284,289,2,9
285,290,2,9
286,291,3,5
287,292,1,8
288,293,2,2
289,294,3,7
290,295,1,6
291,296,2,8
292,297,3,7
293,298,3,8
294,299,2,9
295,300,3,9
296,301,2,7
297,302,1,7
298,303,2,9
299,304,2,11
300,305,2,4
301,306,3,3
302,307,3,9
303,308,3,5
304,309,3,7
305,310,2,9
306,311,2,10
307,312,2,10
308,313,3,8
309,314,3,3
310,315,3,10
311,316,3,7
312,317,2,10
313,318,2,2
314,319,2,8
315,320,1,2
316,321,1,5
317,322,1,6
318,323,1,9
319,324,2,9
320,325,1,8
321,326,2,10
322,327,1,8
323,328,3,8
324,329,3,4
325,330,2,9
326,331,2,8
327,332,1,8
328,333,1,5
329,334,3,2
330,335,3,6
331,336,3,8
332,337,3,10
333,338,3,12
334,339,2,8
335,340,2,10
336,341,2,8
337,342,2,10
338,343,2,11
339,344,2,9
340,345,2,9
341,346,2,10
342,347,2,9
343,348,2,10
344,349,3,11
345,350,3,9
346,351,3,10
347,352,1,6
348,353,3,9
349,354,2,5
350,355,2,8
351,356,1,3
352,357,3,9
353,358,2,9
354,359,2,4
355,360,2,7
356,361,2,11
357,362,2,7
358,363,2,12
359,364,1,9
360,365,1,5
361,366,2,10
362,367,2,12
363,368,1,6
364,369,3,10
365,370,1,4
366,371,3,4
367,372,3,8
368,373,3,9
369,374,3,10
370,375,2,9
371,376,3,7
372,377,2,5
373,378,2,9
374,379,3,7
375,380,1,1
376,381,2,12
377,382,2,5
378,383,1,8
379,384,3,7
380,385,2,9
381,386,2,8
382,387,2,10
383,388,3,8
384,389,2,9
385,390,2,10
386,391,2,2
387,392,3,8
388,393,2,10
389,394,2,5
390,395,3,7
391,396,2,11
392,397,1,7
393,398,3,12
394,399,1,3
395,400,3,11
396,401,2,5
397,402,2,1
398,403,3,3
399,404,2,4
400,405,2,8
401,406,2,1
402,407,2,8
403,408,3,10
404,409,2,9
405,410,2,8
406,411,2,8
407,412,1,3
408,413,2,9
409,414,2,8
410,415,2,9
411,416,1,4
412,417,3,8
413,418,2,1
414,419,1,8
415,420,3,7
416,421,2,3
417,422,2,11
418,423,1,2
419,424,3,11
420,425,2,3
421,426,3,8
422,427,2,11
423,428,2,10
424,429,2,3
425,430,1,7
426,431,1,7
427,432,2,10
428,433,3,2
429,434,2,10
430,435,2,12
431,436,2,10
432,437,3,7
433,438,3,4
434,439,3,8
435,440,2,6
436,441,2,8
437,442,1,6
438,443,1,7
439,444,2,6
440,445,3,5
441,446,2,9
442,447,2,10
443,448,2,10
444,449,2,7
445,450,2,10
446,451,3,10
447,452,3,8
448,453,2,10
449,454,1,10
450,455,2,10
451,456,2,7
452,457,2,9
453,458,3,8
454,459,1,5
455,460,3,2
456,461,2,10
457,462,2,6
458,463,2,7
459,464,3,11
460,465,2,5
461,466,2,9
462,467,2,9
463,468,3,9
464,469,2,12
465,470,2,11
466,471,3,8
467,472,2,9
468,473,3,9
469,474,2,9
470,475,3,10
471,476,1,8
472,477,2,9
473,478,2,8
474,479,2,4
475,480,2,6
476,481,2,9
477,482,2,9
478,483,3,9
479,484,2,9
480,485,2,3
481,486,3,7
482,487,3,9
483,488,3,2
484,489,3,4
485,490,3,11
486,491,3,10
487,492,3,9
488,493,1,10
489,494,2,10
490,495,3,9
491,496,2,9
492,497,3,9
493,498,2,3
494,499,3,7
495,500,3,7
496,501,3,8
497,502,1,3
498,503,2,10
499,504,3,7
500,505,2,9
501,506,3,10
502,507,2,8
503,508,2,9
504,509,1,6
505,510,2,8
506,511,2,3
507,512,3,8
508,513,3,12
509,514,3,10
510,515,2,12
511,516,2,8
512,517,2,11
513,518,1,8
514,519,3,12
515,520,2,9
516,521,2,8
517,522,1,9
518,523,2,10
519,524,3,5
520,525,3,2
521,526,2,12
522,527,2,8
523,528,2,10
524,529,2,9
525,530,3,10
526,531,2,7
527,532,1,5
528,533,2,7
529,534,2,11
530,535,3,12
531,536,2,7
532,537,2,10
533,538,1,7
534,539,3,9
535,540,2,9
536,541,3,10
537,542,2,6
538,543,2,4
539,544,2,10
540,545,2,8
541,546,2,2
542,547,2,9
543,548,1,7
544,549,2,1
545,550,3,6
546,551,3,7
547,552,2,9
548,553,2,7
549,554,2,9
550,555,3,4
551,556,2,8
552,557,1,2
553,558,3,7
554,559,2,10
555,560,3,1
556,561,2,8
557,562,1,3
558,563,1,5
559,564,2,9
560,565,2,8
561,566,2,12
562,567,2,11
563,568,1,8
564,569,2,2
565,570,2,10
566,571,3,10
567,572,3,10
568,573,3,8
569,574,2,12
570,575,2,11
571,576,2,10
572,577,3,8
573,578,3,10
574,579,2,10
575,580,2,7
576,581,2,9
577,582,2,4
578,583,2,7
579,584,2,10
580,585,1,4
581,586,2,9
582,587,3,8
583,588,2,1
584,589,2,11
585,590,2,11
586,591,2,11
587,592,1,8
588,593,2,4
589,594,2,9
590,595,1,4
591,596,1,2
592,597,3,7
593,598,2,12
594,599,3,8
595,600,2,8
596,601,2,11
597,602,1,3
598,603,1,5
599,604,2,8
600,605,2,8
601,606,2,8
602,607,2,11
603,608,1,6
604,609,2,9
605,610,2,6
606,611,1,8
607,612,2,11
608,613,2,9
609,614,2,11
610,615,1,9
611,616,2,4
612,617,1,7
613,618,3,7
614,619,2,9
615,620,1,3
616,621,2,7
617,622,1,3
618,623,1,3
619,624,2,8
620,625,1,7
621,626,1,7
622,627,1,5
623,628,1,4
624,629,1,1
625,630,2,10
626,631,3,8
627,632,3,8
628,633,1,8
629,634,2,3
630,635,2,8
631,636,2,9
632,637,2,8
633,638,3,6
634,639,2,7
635,640,2,9
636,641,3,6
637,642,1,8
638,643,3,4
639,644,2,1
640,645,3,10
641,646,3,2
642,647,3,9
643,648,1,7
644,649,2,8
645,650,2,7
646,651,2,12
647,652,3,3
648,653,2,4
649,654,2,8
650,655,3,8
651,656,3,5
652,657,1,7
653,658,3,9
654,659,2,12
655,660,2,10
656,661,2,7
657,662,3,9
658,663,2,9
659,664,1,5
660,665,1,10
661,666,3,8
662,667,2,12
663,668,2,9
664,669,1,7
665,670,1,2
666,671,2,10
667,672,2,1
668,673,2,7
669,674,3,7
670,675,2,12
671,676,2,8
672,677,2,10
673,678,1,7
674,679,2,9
675,680,2,7
676,681,2,9
677,682,2,8
678,683,2,7
679,684,2,9
680,685,2,4
681,686,2,9
682,687,2,12
683,688,3,8
684,689,3,10
685,690,1,7
686,691,2,7
687,692,2,9
688,693,1,4
689,694,2,8
690,695,2,8
691,696,2,10
692,697,1,7
693,698,3,7
694,699,2,6
695,700,2,3
696,701,1,5
697,702,2,12
698,703,2,6
699,704,2,11
700,705,2,10
701,706,3,1
702,707,3,9
703,708,3,3
704,709,3,9
705,710,2,8
706,711,3,7
707,712,2,9
708,713,3,6
709,714,2,10
710,715,2,9
711,716,2,7
712,717,2,9
713,718,1,11
714,719,1,1
715,720,2,10
716,721,3,8
717,722,2,9
718,723,2,9
719,724,2,8
720,725,1,8
721,726,2,8
722,727,3,3
723,728,3,6
724,729,3,9
725,730,3,10
726,731,2,9
727,732,2,11
728,733,2,10
729,734,2,10
730,735,2,7
731,736,3,5
732,737,1,2
733,738,1,5
734,739,3,11
735,740,1,2
736,741,1,9
737,742,2,9
738,743,2,10
739,744,3,11
740,745,1,5
741,746,3,8
742,747,2,11
743,748,2,9
744,749,3,12
745,750,2,8
746,751,2,10
747,752,1,3
748,753,2,3
749,754,3,4
750,755,2,4
751,756,3,7
752,757,1,8
753,758,2,10
754,759,2,10
755,760,2,9
756,761,2,9
757,762,2,8
758,763,2,5
759,764,1,1
760,765,3,1
761,766,2,8
762,767,2,8
763,768,2,9
764,769,2,8
765,770,3,10
766,771,1,4
767,772,2,7
768,773,1,3
769,774,3,8
770,775,1,4
771,776,1,4
772,777,2,9
773,778,2,9
774,779,2,9
775,780,2,3
776,781,2,10
777,782,1,3
778,783,1,2
779,784,3,6
780,785,2,8
781,786,2,10
782,787,2,7
783,788,2,9
784,789,2,11
785,790,3,9
786,791,3,10
787,792,2,7
788,793,2,10
789,794,2,3
790,795,2,9
791,796,3,8
792,797,2,8
793,798,3,9
794,799,2,8
795,800,1,4
796,801,1,3
797,802,1,7
798,803,1,7
799,804,1,7
800,805,2,8
801,806,2,9
802,807,2,8
803,808,3,2
804,809,2,8
805,810,2,9
806,811,2,10
807,812,2,4
808,813,2,12
809,814,3,8
810,815,2,11
811,816,2,10
812,817,3,5
813,818,2,11
814,819,2,12
815,820,2,12
816,821,2,8
817,822,3,5
818,823,2,11
819,824,1,3
820,825,2,12
821,826,2,8
822,827,1,11
823,828,2,11
824,829,3,8
825,830,2,8
826,831,1,4
827,832,1,3
828,833,2,7
829,834,3,7
830,835,2,10
831,836,1,10
832,837,2,8
833,838,1,3
834,839,2,1
835,840,1,3
836,841,3,11
837,842,3,6
838,843,2,10
839,844,2,5
840,845,2,7
841,846,2,9
842,847,2,7
843,848,1,7
844,849,1,7
845,850,2,9
846,851,1,10
847,852,2,7
848,853,2,2
849,854,3,7
850,855,1,2
851,856,3,7
852,857,1,4
853,858,1,7
854,859,2,10
855,860,1,9
856,861,3,8
857,862,3,10
858,863,3,1
859,864,1,8
860,865,1,5
861,866,2,7
862,867,3,12
863,868,2,10
864,869,2,10
865,870,2,9
866,871,2,10
867,872,2,3
868,873,2,7
869,874,2,10
870,875,3,9
871,876,2,10
872,877,2,8
873,878,1,5
874,879,2,10
875,880,2,10
876,881,1,5
877,882,2,12
878,883,2,3
879,884,3,10
880,885,1,8
881,886,2,10
882,887,2,4
883,888,1,1
884,889,1,9
885,890,2,11
886,891,3,12
887,892,3,8
888,893,2,8
889,894,2,9
890,895,2,9
891,896,2,8
892,897,2,10
893,898,2,8
894,899,2,7
895,900,3,8
896,901,1,5
897,902,2,3
898,903,1,5
899,904,1,7
900,905,1,3
901,906,3,9
902,907,2,9
903,908,3,8
904,909,3,7
905,910,2,10
906,911,2,8
907,912,2,10
908,913,2,7
909,914,3,8
910,915,2,5
911,916,2,8
912,917,3,9
913,918,3,4
914,919,2,10
915,920,2,10
916,921,2,11
917,922,3,8
918,923,1,4
919,924,2,10
920,925,2,4
921,926,2,8
922,927,3,8
923,928,3,8
924,929,3,12
925,930,2,6
926,931,3,8
927,932,2,7
928,933,2,9
929,934,2,12
930,935,2,10
931,936,3,2
932,937,2,8
933,938,3,7
934,939,2,9
935,940,1,2
936,941,1,8
937,942,1,8
938,943,2,11
939,944,3,3
940,945,1,6
941,946,2,10
942,947,3,7
943,948,2,6
944,949,2,9
945,950,1,5
946,951,2,9
947,952,3,7
948,953,1,1
949,954,3,6
950,955,2,9
951,956,2,12
952,957,3,10
953,958,2,12
954,959,2,9
955,960,3,8
956,961,2,8
957,962,3,8
958,963,2,10
959,964,2,12
960,965,2,1
961,966,1,10
962,967,3,5
963,968,2,6
964,969,1,5
965,970,2,10
966,971,3,7
967,972,1,5
968,973,3,7
969,974,1,7
970,975,2,8
971,976,3,8
972,977,2,7
973,978,2,1
974,979,3,9
975,980,2,8
976,981,2,9
977,982,2,6
978,983,2,11
979,984,3,7
980,985,1,4
981,986,1,3
982,987,1,9
983,988,1,6
984,989,1,4
985,990,2,7
986,991,3,9
987,992,3,9
988,993,2,3
989,994,3,10
990,995,1,5
991,996,2,10
992,997,2,9
993,998,2,9
994,999,3,9
995,1000,3,9
996,1001,1,3
997,1002,3,12
998,1003,1,7
999,1004,3,6
1000,1005,2,9
1001,1006,3,8
1002,1007,2,12
1003,1008,2,12
1004,1009,1,9
1005,1010,2,4
1006,1011,2,9
1007,1012,1,9
1008,1013,2,8
1009,1014,2,8
1010,1015,3,8
1011,1016,3,11
1012,1017,2,11
1013,1018,3,10
1014,1019,2,8
1015,1020,2,10
1016,1021,2,8
1017,1022,2,10
1018,1023,2,8
1019,1024,3,9
1020,1025,3,8
1021,1026,2,10
1022,1027,2,12
1023,1028,2,9
1024,1029,2,6
1025,1030,3,7
1026,1031,1,7
1027,1032,3,11
1028,1033,1,9
1029,1034,2,3
1030,1035,2,9
1031,1036,2,12
1032,1037,2,11
1033,1038,3,6
1034,1039,2,4
1035,1040,1,8
1036,1041,2,10
1037,1042,2,11
1038,1043,1,7
1039,1044,1,1
1040,1045,2,11
1041,1046,2,9
1042,1047,2,7
1043,1048,3,9
1044,1049,3,8
1045,1050,2,11
1046,1051,3,10
1047,1052,3,11
1048,1053,2,5
1049,1054,2,11
1050,1055,2,10
1051,1056,2,7
1052,1057,2,12
1053,1058,3,6
1054,1059,2,11
1055,1060,2,11
1056,1061,2,12
1057,1062,2,11
1058,1063,2,10
1059,1064,2,8
1060,1065,2,9
1061,1066,3,10
1062,1067,2,9
1063,1068,2,8
1064,1069,1,7
1065,1070,1,4
1066,1071,2,7
1067,1072,2,3
1068,1073,2,10
1069,1074,2,3
1070,1075,2,1
1071,1076,2,9
1072,1077,1,7
1073,1078,2,9
1074,1079,2,9
1075,1080,1,9
1076,1081,2,8
1077,1082,1,9
1078,1083,1,8
1079,1084,2,4
1080,1085,1,7
1081,1086,3,9
1082,1087,3,5
1083,1088,3,9
1084,1089,3,9
1085,1090,2,11
1086,1091,3,7
1087,1092,3,3
1088,1093,2,10
1089,1094,1,7
1090,1095,2,9
1091,1096,2,9
1092,1097,2,8
1093,1098,2,9
1094,1099,2,8
1095,1100,1,3
1096,1101,2,11
1097,1102,2,3
1098,1103,2,10
1099,1104,2,6
1100,1105,2,4
1101,1106,3,11
1102,1107,2,9
1103,1108,2,5
1104,1109,3,9
1105,1110,3,7
1106,1111,3,6
1107,1112,2,11
1108,1113,2,12
1109,1114,1,7
1110,1115,2,10
1111,1116,2,9
1112,1117,2,9
1113,1118,2,8
1114,1119,2,11
1115,1120,2,9
1116,1121,2,11
1117,1122,3,8
1118,1123,2,7
1119,1124,2,11
1120,1125,2,9
1121,1126,3,11
1122,1127,2,10
1123,1128,1,4
1124,1129,1,8
1125,1130,2,12
1126,1131,1,3
1127,1132,3,7
1128,1133,1,4
1129,1134,2,11
1130,1135,2,6
1131,1136,2,9
1132,1137,3,3
1133,1138,1,6
1134,1139,1,2
1135,1140,2,10
1136,1141,3,11
1137,1142,2,9
1138,1143,2,5
1139,1144,2,9
1140,1145,3,10
1141,1146,3,4
1142,1147,2,9
1143,1148,2,5
1144,1149,2,7
1145,1150,1,4
1146,1151,2,9
1147,1152,1,10
1148,1153,1,4
1149,1154,2,11
1150,1155,2,1
1151,1156,1,3
1152,1157,2,12
1153,1158,3,4
1154,1159,3,8
1155,1160,2,7
1156,1161,1,7
1157,1162,3,10
1158,1163,3,9
1159,1164,3,9
1160,1165,2,1
1161,1166,2,8
1162,1167,1,6
1163,1168,3,8
1164,1169,2,10
1165,1170,1,9
1166,1171,1,8
1167,1172,2,9
1168,1173,2,7
1169,1174,2,7
1170,1175,2,9
1171,1176,2,9
1172,1177,2,8
1173,1178,2,9
1174,1179,1,8
1175,1180,2,8
1176,1181,1,8
1177,1182,2,3
1178,1183,3,6
1179,1184,2,9
1180,1185,2,10
1181,1186,2,10
1182,1187,3,1
1183,1188,2,11
1184,1189,3,9
1185,1190,2,2
1186,1191,2,10
1187,1192,2,9
1188,1193,2,5
1189,1194,1,4
1190,1195,3,8
1191,1196,2,10
1192,1197,2,8
1193,1198,2,1
1194,1199,2,7
1195,1200,1,3
1196,1201,2,9
1197,1202,2,10
1198,1203,1,6
1199,1204,2,10
1200,1205,2,10
1201,1206,3,5
1202,1207,2,4
1203,1208,2,10
1204,1209,3,9
1205,1210,2,9
1206,1211,2,8
1207,1212,2,9
1208,1213,3,10
1209,1214,2,11
1210,1215,2,10
1211,1216,3,7
1212,1217,2,4
1213,1218,3,7
1214,1219,3,4
1215,1220,3,7
1216,1221,2,9
1217,1222,3,9
1218,1223,2,7
1219,1224,2,6
1220,1225,3,10
1221,1226,3,7
1222,1227,2,7
1223,1228,2,4
1224,1229,2,11
1225,1230,2,9
1226,1231,2,10
1227,1232,1,8
1228,1233,2,11
1229,1234,2,9
1230,1235,2,2
1231,1236,3,7
1232,1237,3,4
1233,1238,3,5
1234,1239,1,7
1235,1240,2,8
1236,1241,2,9
1237,1242,3,7
1238,1243,2,11
1239,1244,2,8
1240,1245,2,10
1241,1246,1,2
1242,1247,1,1
1243,1248,1,2
1244,1249,1,2
1245,1250,1,7
1246,1251,1,6
1247,1252,1,4
1248,1253,1,2
1249,1254,1,1
1250,1255,2,9
1251,1256,1,6
1252,1257,1,2
1253,1258,1,1
1254,1259,1,1
1255,1260,1,2
1256,1261,1,2
1257,1262,1,3
1258,1263,1,1
1259,1264,1,2
1260,1265,1,3
1261,1266,1,1
1262,1267,1,3
1263,1268,1,9
1264,1269,1,6
1265,1270,1,6
1266,1271,1,4
1267,1272,1,5
1268,1273,1,2
1269,1274,1,7
1270,1275,1,2
1271,1276,1,8
1272,1277,1,1
1273,1278,1,4
1274,1279,1,3
1275,1280,1,7
1276,1281,1,8
1277,1282,1,5
1278,1283,1,7
1279,1284,1,8
1280,1285,1,6
1281,1286,1,8
1282,1287,1,4
1283,1288,1,7
1284,1289,1,1
1285,1290,1,5
1286,1291,1,2
1287,1292,1,3
1288,1293,1,6
1289,1294,1,7
1290,1295,1,7
1291,1296,1,6
1292,1297,1,7
1293,1298,1,5
1294,1299,1,8
1295,1300,1,9
1296,1301,1,7
1297,1302,1,7
1298,1303,1,1
1299,1304,1,7
1300,1305,1,4
1301,1306,1,7
1302,1307,1,6
1303,1308,1,7
1304,1309,1,8
1305,1310,1,9
1306,1311,1,7
1307,1312,1,8
1308,1313,1,4
1309,1314,2,8
1310,1315,3,10
1311,1316,1,7
1312,1317,1,2
1313,1318,1,6
1314,1319,1,2
1315,1320,1,3
1316,1321,1,6
1317,1322,1,8
1318,1323,1,7
1319,1324,1,5
1320,1325,1,4
1321,1326,3,8
1322,1327,3,8
1323,1328,3,8
1324,1329,3,7
1325,1330,3,6
1326,1331,3,7
1327,1332,3,10
1328,1333,3,2
1329,1334,3,2
1330,1335,3,5
1331,1336,3,6
1332,1337,3,8
1333,1338,3,9
1334,1339,3,8
1335,1340,3,7
1336,1341,3,7
1337,1342,2,8
1338,1343,3,8
1339,1344,3,4
1340,1345,3,1
1341,1346,3,4
1342,1347,3,2
1343,1348,3,2
1344,1349,3,10
1345,1350,3,7
1346,1351,3,2
1347,1352,3,7
1348,1353,3,1
1349,1354,3,4
1350,1355,3,4
1351,1356,3,8
1352,1357,3,1
1353,1358,3,3
1354,1359,3,5
1355,1360,3,5
1356,1361,3,4
1357,1362,3,5
1358,1363,3,5
1359,1364,3,6
1360,1365,3,5
1361,1366,1,9
1362,1367,3,7
1363,1368,3,10
1364,1369,3,6
1365,1370,3,6
1366,1371,3,1
1367,1372,3,8
1368,1373,3,8
1369,1374,3,10
1370,1375,3,8
1371,1376,3,5
1372,1377,3,10
1373,1378,3,6
1374,1379,3,9
1375,1380,3,9
1376,1381,3,8
1377,1382,3,8
1378,1383,3,6
1379,1384,1,7
1380,1385,3,10
1381,1386,3,9
1382,1387,3,6
1383,1388,3,8
1384,1389,3,10
1385,1390,3,7
1386,1391,3,9
1387,1392,3,6
1388,1393,3,8
1389,1394,3,9
1390,1395,3,5
1391,1396,3,4
1392,1397,3,5
1393,1398,3,6
1394,1399,3,9
1395,1400,1,4
1396,1401,3,9
1397,1402,3,8
1398,1403,3,7
1399,1404,3,8
1400,1405,3,4
1401,1406,3,6
1402,1407,3,10
1403,1408,2,1
1404,1409,3,2
1405,1410,2,5
1406,1411,2,7
1407,1412,2,4
1408,1413,2,1
1409,1414,2,8
1410,1415,2,8
1411,1416,2,10
1412,1417,2,7
1413,1418,2,5
1414,1419,2,9
1415,1420,2,8
1416,1421,2,10
1417,1422,2,10
1418,1423,2,9
1419,1424,2,9
1420,1425,2,7
1421,1426,2,8
1422,1427,2,9
1423,1428,2,8
1424,1429,2,2
1425,1430,2,8
1426,1431,2,9
1427,1432,2,8
1428,1433,2,8
1429,1434,2,11
1430,1435,2,8
1431,1436,2,8
1432,1437,2,9
1433,1438,2,8
1434,1439,2,10
1435,1440,2,9
1436,1441,2,10
1437,1442,2,9
1438,1443,2,7
1439,1444,2,5
1440,1445,2,4
1441,1446,3,2
1442,1447,2,1
1443,1448,2,8
1444,1449,2,3
1445,1450,2,2
1446,1451,2,9
1447,1452,2,8
1448,1453,2,8
1449,1454,2,9
1450,1455,2,7
1451,1456,2,4
1452,1457,2,8
1453,1458,2,6
1454,1459,2,8
1455,1460,2,9
1456,1461,2,9
1457,1462,1,6
1458,1463,2,9
1459,1464,2,9
1460,1465,2,5
1461,1466,2,8
1462,1467,2,8
1463,1468,2,9
1464,1469,2,10
1465,1470,2,8
1466,1471,2,9
1467,1472,2,9
1468,1473,2,5
1469,1474,2,5
1470,1475,2,6
1471,1476,2,4
1472,1477,2,3
1473,1478,2,2
1474,1479,1,6
1475,1480,2,7
1476,1481,2,3
1477,1482,2,8
1478,1483,2,10
1479,1484,2,10
1480,1485,2,8
1481,1486,2,4
1482,1487,2,5
1483,1488,2,3
1484,1489,2,9
1485,1490,2,6
1486,1491,2,5
1487,1492,2,3
1488,1493,2,5
1489,1494,2,5
1490,1495,2,5
1491,1496,2,9
1492,1497,2,8
1493,1498,2,9
1494,1499,2,8
1495,1500,2,7
1496,1501,2,9
1497,1502,2,4
1498,1503,2,10
1499,1504,2,10
1500,1505,2,12
1501,1506,2,8
1502,1507,2,10
1503,1508,2,10
1504,1509,2,10
1505,1510,2,10
1506,1511,2,10
1507,1512,2,10
1508,1513,2,10
1509,1514,2,10
1510,1515,2,10
1511,1516,2,10
1512,1517,2,10
1513,1518,2,8
1514,1519,2,8
1515,1520,2,10
1516,1521,2,10
1517,1522,2,9
1518,1523,2,8
1519,1524,2,8
1520,1525,2,8
1521,1526,2,6
1522,1527,2,1
1523,1528,2,10
1524,1529,2,8
1525,1530,2,8
1526,1531,2,9
1527,1532,2,8
1528,1533,2,10
1529,1534,2,9
1530,1535,2,12
1531,1536,2,9
1532,1537,2,8
1533,1538,2,8
1534,1539,2,9
1535,1540,2,11
1536,1541,2,9
1537,1542,2,10
1538,1543,2,10
1539,1544,2,10
1540,1545,3,10
1541,1546,2,10
1542,1547,2,10
1543,1548,2,10
1544,1549,2,7
1545,1550,2,10
1546,1551,2,12
1547,1552,2,10
1548,1553,2,8
1549,1554,2,8
1550,1555,2,8
1551,1556,2,9
1552,1557,2,9
1553,1558,2,10
1554,1559,2,9
1555,1560,2,10
1556,1561,2,9
1557,1562,2,9
1558,1563,1,4
1559,1564,2,10
1560,1565,2,10
1561,1566,2,9
1562,1567,2,8
1563,1568,2,11
1564,1569,2,10
1565,1570,2,12
1566,1571,2,11
1567,1572,2,12
1568,1573,2,12
1569,1574,2,11
1570,1575,2,11
1571,1576,2,9
1572,1577,2,11
1573,1578,2,8
1574,1579,2,10
1575,1580,1,3
1576,1581,2,6
1577,1582,2,11
1578,1583,2,11
1579,1584,2,9
1580,1585,2,10
1581,1586,2,11
1582,1587,2,10
1583,1588,2,11
1584,1589,2,9
1585,1590,1,5
1586,1591,2,12
1587,1592,2,10
1588,1593,2,12
1589,1594,2,10
1590,1595,3,9
1591,1596,2,12
1592,1597,2,10
1593,1598,2,11
1594,1599,2,11
1595,1600,1,9
1596,1601,2,9
1597,1602,2,9
1598,1603,1,9
1599,1604,1,5
1600,1605,3,3
1601,1606,3,7
1602,1607,3,5
1603,1608,2,11
1604,1609,2,11
1605,1610,2,11
1606,1611,2,9
1607,1612,2,4
1608,1613,2,8
1609,1614,2,6
1610,1615,3,6
1611,1616,1,4
1612,1617,1,8
1613,1618,3,9
1614,1619,2,10
1615,1620,2,7
1616,1621,2,8
1617,1622,3,8
1618,1623,3,1
1619,1624,2,8
1620,1625,2,8
1621,1626,1,5
1622,1627,3,9
1623,1628,2,6
1624,1629,1,5
1625,1630,2,1
1626,1631,1,2
1627,1632,3,7
1628,1633,1,4
1629,1634,2,11
1630,1635,3,11
1631,1636,2,8
1632,1637,2,9
1633,1638,3,4
1634,1639,2,10
1635,1640,1,6
1636,1641,3,4
1637,1642,2,10
1638,1643,2,10
1639,1644,2,9
1640,1645,2,11
1641,1646,2,12
1642,1647,1,9
1643,1648,3,10
1644,1649,2,8
1645,1650,1,1
1646,1651,2,10
1647,1652,1,10
1648,1653,2,11
1649,1654,3,1
1650,1655,3,11
1651,1656,1,8
1652,1657,2,9
1653,1658,2,7
1654,1659,2,12
1655,1660,3,10
1656,1661,2,11
1657,1662,3,3
1658,1663,2,10
1659,1664,1,2
1660,1665,2,7
1661,1666,2,10
1662,1667,2,12
1663,1668,2,11
1664,1669,2,11
1665,1670,2,11
1666,1671,3,11
1667,1672,2,11
1668,1673,2,10
1669,1674,2,10
1670,1675,3,12
1671,1676,2,8
1672,1677,2,12
1673,1678,2,12
1674,1679,2,11
1675,1680,2,10
1676,1681,3,9
1677,1682,3,12
1678,1683,2,12
1679,1684,1,5
1680,1685,3,9
1681,1686,2,10
1682,1687,2,12
1683,1688,3,9
1684,1689,1,2
1685,1690,2,10
1686,1691,2,12
1687,1692,3,9
1688,1693,1,9
1689,1694,3,1
1690,1695,2,8
1691,1696,2,10
1692,1697,2,11
1693,1698,2,9
1694,1699,2,10
1695,1700,1,6
1696,1701,2,12
1697,1702,2,9
1698,1703,3,6
1699,1704,3,3
1700,1705,1,5
1701,1706,2,11
1702,1707,1,8
1703,1708,2,10
1704,1709,2,10
1705,1710,2,12
1706,1711,1,5
1707,1712,3,7
1708,1713,3,9
1709,1714,2,5
1710,1715,2,9
1711,1716,2,11
1712,1717,3,8
1713,1718,2,9
1714,1719,3,8
1715,1720,3,11
1716,1721,1,4
1717,1722,2,4
1718,1723,1,7
1719,1724,2,12
1720,1725,2,7
1721,1726,2,10
1722,1727,2,12
1723,1728,2,8
1724,1729,2,10
1725,1730,2,10
1726,1731,1,5
1727,1732,3,8
1728,1733,2,5
1729,1734,1,4
1730,1735,1,2
1731,1736,1,4
1732,1737,1,8
1733,1738,3,9
1734,1739,2,4
1735,1740,3,8
1736,1741,2,9
1737,1742,1,7
1738,1743,1,3
1739,1744,1,8
1740,1745,1,4
1741,1746,1,4
1742,1747,1,5
1743,1748,1,8
1744,1749,3,9
1745,1750,2,12
1746,1751,2,11
1747,1752,2,10
1748,1753,2,11
1749,1754,3,10
1750,1755,2,11
1751,1756,3,6
1752,1757,1,3
1753,1758,2,2
1754,1759,2,12
1755,1760,3,8
1756,1761,2,9
1757,1762,3,9
1758,1763,3,6
1759,1764,3,8
1760,1765,1,7
1761,1766,1,9
1762,1767,1,3
1763,1768,2,12
1764,1769,2,7
1765,1770,2,10
1766,1771,1,5
1767,1772,2,10
1768,1773,2,8
1769,1774,2,7
1770,1775,3,11
1771,1776,1,1
1772,1777,2,11
1773,1778,3,9
1774,1779,3,7
1775,1780,3,3
1776,1781,2,8
1777,1782,2,6
1778,1783,2,8
1779,1784,2,9
1780,1785,3,8
1781,1786,2,9
1782,1787,3,1
1783,1788,2,5
1784,1789,2,12
1785,1790,2,10
1786,1791,1,6
1787,1792,2,9
1788,1793,3,7
1789,1794,1,5
1790,1795,2,12
1791,1796,2,9
1792,1797,3,7
1793,1798,3,6
1794,1799,2,12
1795,1800,2,9
1796,1801,1,7
1797,1802,1,9
1798,1803,1,3
1799,1804,2,8
1800,1805,2,3
1801,1806,1,1
1802,1807,1,5
1803,1808,2,9
1804,1809,2,7
1805,1810,2,9
1806,1811,2,12
1807,1812,2,9
1808,1813,1,9
1809,1814,2,5
1810,1815,2,8
1811,1816,1,9
1812,1817,3,6
1813,1818,3,8
1814,1819,3,12
1815,1820,2,10
1816,1821,2,9
1817,1822,2,7
1818,1823,3,5
1819,1824,3,6
1820,1825,3,5
1821,1826,2,11
1822,1827,1,4
1823,1828,1,7
1824,1829,2,10
1825,1830,2,8
1826,1831,3,3
1827,1832,1,3
1828,1833,1,3
1829,1834,1,4
1830,1835,2,10
1831,1836,2,11
1832,1837,2,8
1833,1838,3,11
1834,1839,1,8
1835,1840,2,10
1836,1841,2,11
1837,1842,2,8
1838,1843,3,8
1839,1844,3,4
1840,1845,2,12
1841,1846,3,10
1842,1847,2,1
1843,1848,2,3
1844,1849,3,8
1845,1850,2,9
1846,1851,2,9
1847,1852,3,6
1848,1853,3,6
1849,1854,3,1
1850,1855,3,7
1851,1856,2,10
1852,1857,3,10
1853,1858,2,8
1854,1859,2,7
1855,1860,1,6
1856,1861,2,7
1857,1862,2,10
1858,1863,2,1
1859,1864,1,7
1860,1865,3,9
1861,1866,2,12
1862,1867,2,6
1863,1868,1,5
1864,1869,1,7
1865,1870,1,9
1866,1871,1,4
1867,1872,2,6
1868,1873,3,10
1869,1874,2,9
1870,1875,1,8
1871,1876,2,10
1872,1877,1,4
1873,1878,1,1
1874,1879,2,8
1875,1880,2,12
1876,1881,2,8
1877,1882,2,9
1878,1883,1,6
1879,1884,2,12
1880,1885,2,8
1881,1886,2,9
1882,1887,3,9
1883,1888,2,10
1884,1889,2,7
1885,1890,1,7
1886,1891,2,8
1887,1892,2,10
1888,1893,1,4
1889,1894,3,8
1890,1895,3,11
1891,1896,1,5
1892,1897,1,3
1893,1898,1,9
1894,1899,3,1
1895,1900,1,6
1896,1901,1,6
1897,1902,3,9
1898,1903,3,7
1899,1904,2,1
1900,1905,2,6
1901,1906,2,4
1902,1907,2,8
1903,1908,2,8
1904,1909,2,7
1905,1910,2,2
1906,1911,1,7
1907,1912,2,2
1908,1913,2,6
1909,1914,1,6
1910,1915,3,8
1911,1916,2,4
1912,1917,2,4
1913,1918,2,8
1914,1919,1,8
1915,1920,2,1
1916,1921,2,9
1917,1922,3,7
1918,1923,3,9
1919,1924,2,9
1920,1925,1,7
1921,1926,1,5
1922,1927,3,10
1923,1928,2,9
1924,1929,3,7
1925,1930,3,1
1926,1931,1,5
1927,1932,3,7
1928,1933,2,11
1929,1934,2,10
1930,1935,2,8
1931,1936,3,1
1932,1937,2,3
1933,1938,1,2
1934,1939,1,3
1935,1940,1,6
1936,1941,1,8
1937,1942,2,9
1938,1943,2,11
1939,1944,3,8
1940,1945,2,9
1941,1946,2,9
1942,1947,2,8
1943,1948,2,7
1944,1949,2,7
1945,1950,2,6
1946,1951,3,6
1947,1952,1,8
1948,1953,3,12
1949,1954,2,9
1950,1955,2,9
1951,1956,1,3
1952,1957,3,10
1953,1958,2,11
1954,1959,1,9
1955,1960,1,8
1956,1961,2,11
1957,1962,2,4
1958,1963,1,8
1959,1964,1,7
1960,1965,2,9
1961,1966,2,10
1962,1967,2,9
1963,1968,1,3
1964,1969,3,8
1965,1970,3,10
1966,1971,3,5
1967,1972,2,8
1968,1973,2,10
1969,1974,2,9
1970,1975,1,9
1971,1976,3,7
1972,1977,2,8
1973,1978,3,9
1974,1979,1,2
1975,1980,2,8
1976,1981,2,10
1977,1982,2,2
1978,1983,1,4
1979,1984,2,10
1980,1985,2,10
1981,1986,2,8
1982,1987,2,12
1983,1988,3,5
1984,1989,2,6
1985,1990,2,8
1986,1991,2,10
1987,1992,2,10
1988,1993,2,9
1989,1994,3,6
1990,1995,1,9
1991,1996,1,8
1992,1997,2,11
1993,1998,3,7
1994,1999,1,10
1995,2000,2,8
1996,2001,2,4
1997,2002,2,6
1998,2003,1,7
1999,2004,2,1
2000,2005,3,10
2001,2006,2,4
2002,2007,2,8
2003,2008,1,2
2004,2009,2,8
2005,2010,2,11
2006,2011,2,12
2007,2012,2,8
2008,2013,2,8
2009,2014,2,10
2010,2015,2,9
2011,2016,2,11
2012,2017,2,11
2013,2018,2,11
2014,2019,1,2
2015,2020,3,8
2016,2021,2,10
2017,2022,2,7
2018,2023,2,7
2019,2024,1,3
2020,2025,1,9
2021,2026,2,7
2022,2027,2,10
2023,2028,2,8
2024,2029,1,8
2025,2030,3,7
2026,2031,3,8
2027,2032,2,8
2028,2033,2,10
2029,2034,2,11
2030,2035,2,7
2031,2036,2,10
2032,2037,2,3
2033,2038,3,2
2034,2039,2,8
2035,2040,1,9
2036,2041,2,9
2037,2042,3,4
2038,2043,1,6
2039,2044,2,12
2040,2045,2,11
2041,2046,2,8
2042,2047,1,7
2043,2048,2,8
2044,2049,2,8
2045,2050,2,10
2046,2051,2,12
2047,2052,1,3
2048,2053,1,7
2049,2054,2,11
2050,2055,2,3
2051,2056,2,8
2052,2057,3,8
2053,2058,1,1
2054,2059,3,10
2055,2060,3,9
2056,2061,1,4
2057,2062,1,7
2058,2063,3,12
2059,2064,1,3
2060,2065,2,9
2061,2066,2,9
2062,2067,2,10
2063,2068,2,1
2064,2069,1,7
2065,2070,2,7
2066,2071,3,10
2067,2072,3,9
2068,2073,3,8
2069,2074,2,7
2070,2075,1,4
2071,2076,3,9
2072,2077,1,8
2073,2078,2,9
2074,2079,2,10
2075,2080,2,11
2076,2081,2,12
2077,2082,2,1
2078,2083,2,3
2079,2084,1,2
2080,2085,3,7
2081,2086,2,7
2082,2087,3,7
2083,2088,1,7
2084,2089,2,9
2085,2090,2,9
2086,2091,2,3
2087,2092,3,7
2088,2093,2,4
2089,2094,1,6
2090,2095,3,9
2091,2096,2,8
2092,2097,1,9
2093,2098,1,2
2094,2099,2,8
2095,2100,3,9
2096,2101,3,2
2097,2102,2,12
2098,2103,2,6
2099,2104,1,1
2100,2105,3,7
2101,2106,2,10
2102,2107,1,4
2103,2108,1,3
2104,2109,2,8
2105,2110,1,6
2106,2111,2,9
2107,2112,2,8
2108,2113,1,6
2109,2114,2,11
2110,2115,3,4
2111,2116,3,9
2112,2117,2,12
2113,2118,2,8
2114,2119,1,5
2115,2120,2,8
2116,2121,3,8
2117,2122,3,10
2118,2123,1,10
2119,2124,3,8
2120,2125,2,8
2121,2126,2,1
2122,2127,3,12
2123,2128,2,10
2124,2129,2,9
2125,2130,2,2
2126,2131,2,8
2127,2132,2,9
2128,2133,2,1
2129,2134,3,3
2130,2135,2,12
2131,2136,2,9
2132,2137,1,9
2133,2138,2,8
2134,2139,3,7
2135,2140,1,1
2136,2141,2,10
2137,2142,1,3
2138,2143,2,8
2139,2144,2,4
2140,2145,2,8
2141,2146,2,10
2142,2147,2,8
2143,2148,3,6
2144,2149,2,10
2145,2150,1,7
2146,2151,1,3
2147,2152,3,10
2148,2153,1,5
2149,2154,2,9
2150,2155,3,3
2151,2156,2,1
2152,2157,1,8
2153,2158,2,9
2154,2159,1,4
2155,2160,3,8
2156,2161,3,10
2157,2162,2,8
2158,2163,2,10
2159,2164,2,9
2160,2165,3,6
2161,2166,2,6
2162,2167,2,8
2163,2168,1,5
2164,2169,2,4
2165,2170,2,12
2166,2171,2,9
2167,2172,2,10
2168,2173,2,2
2169,2174,3,6
2170,2175,3,8
2171,2176,2,5
2172,2177,2,7
2173,2178,1,8
2174,2179,3,10
2175,2180,3,10
2176,2181,2,11
2177,2182,1,7
2178,2183,1,4
2179,2184,2,8
2180,2185,2,7
2181,2186,2,9
2182,2187,2,9
2183,2188,1,9
2184,2189,1,8
2185,2190,2,3
2186,2191,3,11
2187,2192,1,1
2188,2193,3,4
2189,2194,1,11
2190,2195,1,10
2191,2196,2,7
2192,2197,3,4
2193,2198,2,6
2194,2199,2,4
2195,2200,2,5
2196,2201,1,7
2197,2202,2,11
2198,2203,2,10
2199,2204,2,9
2200,2205,3,8
2201,2206,2,5
2202,2207,1,8
2203,2208,2,7
2204,2209,2,8
2205,2210,3,5
2206,2211,2,10
2207,2212,1,7
2208,2213,2,9
2209,2214,2,8
2210,2215,3,6
2211,2216,2,7
2212,2217,1,2
2213,2218,3,1
2214,2219,3,9
2215,2220,2,9
2216,2221,1,5
2217,2222,2,6
2218,2223,3,5
2219,2224,2,6
2220,2225,1,4
2221,2226,1,8
2222,2227,3,7
2223,2228,3,3
2224,2229,2,8
2225,2230,3,8
2226,2231,1,8
2227,2232,2,1
2228,2233,2,9
2229,2234,2,12
2230,2235,1,5
2231,2236,2,5
2232,2237,2,7
2233,2238,3,9
2234,2239,2,1
2235,2240,3,7
2236,2241,3,6
2237,2242,3,9
2238,2243,2,8
2239,2244,2,10
2240,2245,1,1
2241,2246,2,7
2242,2247,2,12
2243,2248,3,12
2244,2249,2,9
2245,2250,2,1
2246,2251,3,3
2247,2252,3,7
2248,2253,2,10
2249,2254,2,8
2250,2255,2,1
2251,2256,2,9
2252,2257,2,11
2253,2258,2,11
2254,2259,2,5
2255,2260,2,8
2256,2261,3,11
2257,2262,1,8
2258,2263,3,4
2259,2264,3,6
2260,2265,1,8
2261,2266,2,6
2262,2267,1,10
2263,2268,3,8
2264,2269,2,3
2265,2270,3,10
2266,2271,2,8
2267,2272,1,4
2268,2273,2,12
2269,2274,2,10
2270,2275,3,2
2271,2276,2,10
2272,2277,3,4
2273,2278,2,4
2274,2279,2,9
2275,2280,3,1
2276,2281,3,1
2277,2282,3,4
2278,2283,3,2
2279,2284,3,1
2280,2285,3,6
2281,2286,3,3
2282,2287,3,7
2283,2288,3,1
2284,2289,3,1
2285,2290,3,3
2286,2291,3,1
2287,2292,2,9
2288,2293,2,1
2289,2294,1,5
2290,2295,2,12
2291,2296,1,9
2292,2297,1,10
2293,2298,3,4
2294,2299,3,10
2295,2300,1,8
2296,2301,1,10
2297,2302,3,8
2298,2303,2,12
2299,2304,2,8
2300,2305,3,10
2301,2306,3,9
2302,2307,1,8
2303,2308,3,9
2304,2309,1,5
2305,2310,2,12
2306,2311,2,10
2307,2312,1,2
2308,2313,1,1
2309,2314,1,3
2310,2315,2,7
2311,2316,3,6
2312,2317,3,9
2313,2318,3,10
2314,2319,2,9
2315,2320,2,11
2316,2321,1,3
2317,2322,2,10
2318,2323,1,7
2319,2324,1,5
2320,2325,3,8
2321,2326,3,11
2322,2327,2,10
2323,2328,1,8
2324,2329,2,6
2325,2330,2,8
2326,2331,2,8
2327,2332,2,6
2328,2333,3,10
2329,2334,3,10
2330,2335,2,9
2331,2336,2,8
2332,2337,2,6
2333,2338,2,5
2334,2339,2,10
2335,2340,1,7
2336,2341,3,9
2337,2342,2,9
2338,2343,1,5
2339,2344,2,10
2340,2345,1,8
2341,2346,2,12
2342,2347,2,12
2343,2348,2,8
2344,2349,2,1
2345,2350,2,10
2346,2351,3,10
2347,2352,3,10
2348,2353,2,6
2349,2354,3,8
2350,2355,2,8
2351,2356,1,7
2352,2357,2,12
2353,2358,1,2
2354,2359,1,3
2355,2360,2,10
2356,2361,1,7
2357,2362,2,9
2358,2363,1,9
2359,2364,1,9
2360,2365,1,6
2361,2366,2,9
2362,2367,3,10
2363,2368,2,5
2364,2369,3,5
2365,2370,2,10
2366,2371,2,10
2367,2372,3,12
2368,2373,3,7
2369,2374,3,9
2370,2375,3,8
2371,2376,2,9
2372,2377,3,11
2373,2378,2,10
2374,2379,2,10
2375,2380,2,10
2376,2381,2,9
2377,2382,1,8
2378,2383,2,9
2379,2384,2,9
2380,2385,3,7
2381,2386,2,9
2382,2387,2,11
2383,2388,2,8
2384,2389,2,8
2385,2390,1,7
2386,2391,1,7
2387,2392,2,6
2388,2393,1,7
2389,2394,1,7
2390,2395,1,5
2391,2396,1,7
2392,2397,2,7
2393,2398,1,5
2394,2399,2,6
2395,2400,1,11
2396,2401,3,6
2397,2402,2,7
2398,2403,2,10
2399,2404,2,11
2400,2405,2,5
2401,2406,1,6
2402,2407,2,9
2403,2408,2,8
2404,2409,2,8
2405,2410,3,11
2406,2411,2,12
2407,2412,1,8
2408,2413,3,8
2409,2414,3,7
2410,2415,2,8
2411,2416,2,10
2412,2417,2,11
2413,2418,3,5
2414,2419,1,5
2415,2420,1,3
2416,2421,3,8
2417,2422,2,10
2418,2423,3,9
2419,2424,1,6
2420,2425,2,10
2421,2426,2,10
2422,2427,2,8
2423,2428,3,7
2424,2429,2,9
2425,2430,2,10
2426,2431,1,10
2427,2432,2,10
2428,2433,2,9
2429,2434,1,4
2430,2435,1,7
2431,2436,2,11
2432,2437,3,7
2433,2438,2,7
2434,2439,1,1
2435,2440,2,9
2436,2441,1,9
2437,2442,2,11
2438,2443,2,11
2439,2444,3,5
2440,2445,2,8
2441,2446,2,11
2442,2447,2,1
2443,2448,2,10
2444,2449,3,4
2445,2450,1,3
2446,2451,1,7
2447,2452,3,7
2448,2453,2,7
2449,2454,2,8
2450,2455,1,5
2451,2456,3,6
2452,2457,1,10
2453,2458,2,10
2454,2459,1,6
2455,2460,3,1
2456,2461,2,9
2457,2462,3,8
2458,2463,3,10
2459,2464,2,8
2460,2465,2,8
2461,2466,1,1
2462,2467,2,7
2463,2468,1,8
2464,2469,2,11
2465,2470,2,8
2466,2471,2,10
2467,2472,3,7
2468,2473,3,6
2469,2474,1,2
2470,2475,1,5
2471,2476,1,5
2472,2477,2,9
2473,2478,1,6
2474,2479,3,9
2475,2480,1,2
2476,2481,3,7
2477,2482,2,9
2478,2483,2,7
2479,2484,2,7
2480,2485,2,1
2481,2486,2,12
2482,2487,3,7
2483,2488,2,8
2484,2489,2,9
2485,2490,2,10
2486,2491,3,7
2487,2492,2,9
2488,2493,2,11
2489,2494,2,9
2490,2495,2,8
2491,2496,1,7
2492,2497,1,9
2493,2498,2,11
2494,2499,1,7
2495,2500,1,6
2496,2501,2,9
2497,2502,3,9
2498,2503,2,7
2499,2504,1,9
2500,2505,2,11
2501,2506,2,11
2502,2507,2,1
2503,2508,2,8
2504,2509,1,2
2505,2510,3,4
2506,2511,2,11
2507,2512,1,6
2508,2513,2,12
2509,2514,3,10
2510,2515,2,10
2511,2516,1,5
2512,2517,2,6
2513,2518,3,10
2514,2519,1,2
2515,2520,1,6
2516,2521,3,7
2517,2522,2,9
2518,2523,1,4
2519,2524,2,10
2520,2525,3,2
2521,2526,2,9
2522,2527,3,2
2523,2528,1,7
2524,2529,3,7
2525,2530,2,8
2526,2531,2,5
2527,2532,2,11
2528,2533,2,8
2529,2534,2,3
2530,2535,1,4
2531,2536,2,7
2532,2537,2,11
2533,2538,2,10
2534,2539,2,7
2535,2540,2,7
2536,2541,2,10
2537,2542,2,8
2538,2543,2,10
2539,2544,2,7
2540,2545,3,2
2541,2546,3,5
2542,2547,1,4
2543,2548,3,7
2544,2549,2,9
2545,2550,3,6
2546,2551,3,8
2547,2552,2,9
2548,2553,1,7
2549,2554,2,3
2550,2555,2,7
2551,2556,2,2
2552,2557,3,8
2553,2558,3,9
2554,2559,2,2
2555,2560,2,8
2556,2561,1,1
2557,2562,3,5
2558,2563,2,11
2559,2564,2,11
2560,2565,2,11
2561,2566,3,8
2562,2567,2,5
2563,2568,3,5
2564,2569,2,10
2565,2570,1,3
2566,2571,2,11
2567,2572,2,10
2568,2573,2,9
2569,2574,2,3
2570,2575,2,9
2571,2576,2,7
2572,2577,2,11
2573,2578,1,7
2574,2579,3,9
2575,2580,3,1
2576,2581,2,11
2577,2582,1,7
2578,2583,2,8
2579,2584,2,9
2580,2585,1,7
2581,2586,2,8
2582,2587,1,5
2583,2588,2,10
2584,2589,1,10
2585,2590,2,11
2586,2591,2,12
2587,2592,3,5
2588,2593,2,4
2589,2594,2,9
2590,2595,1,6
2591,2596,2,7
2592,2597,1,10
2593,2598,2,8
2594,2599,3,9
2595,2600,1,9
2596,2601,2,7
2597,2602,2,12
2598,2603,3,11
2599,2604,3,9
2600,2605,3,1
2601,2606,2,10
2602,2607,3,10
2603,2608,3,12
2604,2609,2,6
2605,2610,1,7
2606,2611,2,10
2607,2612,2,9
2608,2613,2,11
2609,2614,3,7
2610,2615,2,7
2611,2616,2,9
2612,2617,2,9
2613,2618,2,8
2614,2619,1,3
2615,2620,2,10
2616,2621,2,7
2617,2622,1,1
2618,2623,2,7
2619,2624,3,7
2620,2625,3,6
2621,2626,2,5
2622,2627,2,7
2623,2628,2,7
2624,2629,2,9
2625,2630,2,5
2626,2631,2,8
2627,2632,2,9
2628,2633,2,1
2629,2634,2,12
2630,2635,3,8
2631,2636,2,10
2632,2637,2,10
2633,2638,2,11
2634,2639,1,6
2635,2640,3,10
2636,2641,2,12
2637,2642,1,5
2638,2643,1,5
2639,2644,3,7
2640,2645,2,12
2641,2646,1,1
2642,2647,2,7
2643,2648,1,5
2644,2649,2,10
2645,2650,1,8
2646,2651,2,6
2647,2652,2,10
2648,2653,3,8
2649,2654,2,10
2650,2655,1,3
2651,2656,3,10
2652,2657,3,5
2653,2658,2,9
2654,2659,1,4
2655,2660,1,8
2656,2661,2,7
2657,2662,2,2
2658,2663,2,8
2659,2664,2,10
2660,2665,2,8
2661,2666,2,8
2662,2667,3,10
2663,2668,1,8
2664,2669,3,2
2665,2670,1,3
2666,2671,2,2
2667,2672,2,12
2668,2673,2,5
2669,2674,3,7
2670,2675,2,7
2671,2676,1,3
2672,2677,2,12
2673,2678,3,11
2674,2679,2,8
2675,2680,3,11
2676,2681,3,8
2677,2682,1,5
2678,2683,1,8
2679,2684,1,2
2680,2685,2,8
2681,2686,3,8
2682,2687,2,10
2683,2688,1,4
2684,2689,3,2
2685,2690,2,9
2686,2691,2,6
2687,2692,3,7
2688,2693,1,7
2689,2694,1,3
2690,2695,2,12
2691,2696,1,8
2692,2697,2,12
2693,2698,2,8
2694,2699,3,7
2695,2700,2,8
2696,2701,3,4
2697,2702,2,9
2698,2703,2,7
2699,2704,2,5
2700,2705,1,2
2701,2706,2,12
2702,2707,1,8
2703,2708,3,6
2704,2709,2,1
2705,2710,1,3
2706,2711,2,11
2707,2712,2,7
2708,2713,2,11
2709,2714,2,4
2710,2715,3,11
2711,2716,2,11
2712,2717,2,5
2713,2718,3,9
2714,2719,1,4
2715,2720,2,12
2716,2721,2,10
2717,2722,3,10
2718,2723,2,9
2719,2724,1,6
2720,2725,2,7
2721,2726,2,7
2722,2727,1,6
2723,2728,3,11
2724,2729,3,5
2725,2730,1,7
2726,2731,2,10
2727,2732,3,9
2728,2733,1,2
2729,2734,2,8
2730,2735,1,5
2731,2736,2,11
2732,2737,2,8
2733,2738,2,9
2734,2739,3,12
2735,2740,2,7
2736,2741,1,2
2737,2742,1,8
2738,2743,2,11
2739,2744,2,1
2740,2745,2,8
2741,2746,3,8
2742,2747,2,9
2743,2748,2,11
2744,2749,2,10
2745,2750,3,10
2746,2751,1,7
2747,2752,3,8
2748,2753,2,9
2749,2754,2,7
2750,2755,1,6
2751,2756,3,9
2752,2757,3,8
2753,2758,2,9
2754,2759,3,3
2755,2760,1,3
2756,2761,2,9
2757,2762,3,7
2758,2763,3,10
2759,2764,1,1
2760,2765,1,8
2761,2766,2,9
2762,2767,2,10
2763,2768,2,12
2764,2769,2,11
2765,2770,2,6
2766,2771,2,4
2767,2772,2,9
2768,2773,3,7
2769,2774,3,1
2770,2775,1,8
2771,2776,1,7
2772,2777,2,8
2773,2778,2,5
2774,2779,2,7
2775,2780,1,2
2776,2781,3,7
2777,2782,2,8
2778,2783,2,9
2779,2784,1,7
2780,2785,1,6
2781,2786,1,9
2782,2787,3,9
2783,2788,3,10
2784,2789,2,11
2785,2790,2,8
2786,2791,2,8
2787,2792,3,9
2788,2793,3,8
2789,2794,2,8
2790,2795,3,3
2791,2796,2,2
2792,2797,3,7
2793,2798,3,5
2794,2799,2,9
2795,2800,2,5
2796,2801,3,3
2797,2802,3,1
2798,2803,3,6
2799,2804,2,8
2800,2805,2,7
2801,2806,3,5
2802,2807,2,6
2803,2808,2,9
2804,2809,3,12
2805,2810,3,8
2806,2811,2,9
2807,2812,2,10
2808,2813,2,9
2809,2814,1,6
2810,2815,3,5
2811,2816,1,9
2812,2817,2,10
2813,2818,1,4
2814,2819,2,10
2815,2820,2,8
2816,2821,2,11
2817,2822,3,12
2818,2823,2,6
2819,2824,3,10
2820,2825,2,9
2821,2826,3,10
2822,2827,2,11
2823,2828,3,10
2824,2829,2,8
2825,2830,3,10
2826,2831,2,12
2827,2832,3,8
2828,2833,2,4
2829,2834,2,7
2830,2835,2,8
2831,2836,2,9
2832,2837,3,8
2833,2838,1,8
2834,2839,2,7
2835,2840,3,3
2836,2841,2,7
2837,2842,2,12
2838,2843,2,8
2839,2844,2,7
2840,2845,1,7
2841,2846,3,10
2842,2847,2,9
2843,2848,3,12
2844,2849,2,8
2845,2850,2,9
2846,2851,2,8
2847,2852,3,9
2848,2853,2,10
2849,2854,2,4
2850,2855,2,10
2851,2856,2,10
2852,2857,1,6
2853,2858,2,10
2854,2859,1,7
2855,2860,2,7
2856,2861,1,9
2857,2862,2,10
2858,2863,2,3
2859,2864,3,6
2860,2865,2,9
2861,2866,2,7
2862,2867,2,6
2863,2868,2,10
2864,2869,2,9
2865,2870,2,7
2866,2871,2,12
2867,2872,1,8
2868,2873,2,8
2869,2874,3,7
2870,2875,1,9
2871,2876,2,10
2872,2877,1,5
2873,2878,2,6
2874,2879,3,9
2875,2880,2,9
2876,2881,2,11
2877,2882,1,3
2878,2883,2,8
2879,2884,2,9
2880,2885,2,8
2881,2886,2,11
2882,2887,2,10
2883,2888,2,7
2884,2889,3,5
2885,2890,2,11
2886,2891,2,11
2887,2892,2,7
2888,2893,2,8
2889,2894,1,4
2890,2895,2,9
2891,2896,3,4
2892,2897,3,10
2893,2898,2,7
2894,2899,2,1
2895,2900,2,7
2896,2901,1,3
2897,2902,2,9
2898,2903,2,8
2899,2904,2,9
2900,2905,2,5
2901,2906,2,4
2902,2907,3,10
2903,2908,3,8
2904,2909,3,9
2905,2910,3,10
2906,2911,3,10
2907,2912,2,11
2908,2913,3,5
2909,2914,2,9
2910,2915,1,4
2911,2916,1,8
2912,2917,1,6
2913,2918,1,8
2914,2919,1,9
2915,2920,2,8
2916,2921,1,9
2917,2922,1,4
2918,2923,2,2
2919,2924,3,10
2920,2925,2,8
2921,2926,1,12
2922,2927,3,11
2923,2928,2,10
2924,2929,1,3
2925,2930,2,10
2926,2931,1,5
2927,2932,1,3
2928,2933,3,5
2929,2934,2,2
2930,2935,2,9
2931,2936,2,10
2932,2937,3,8
2933,2938,1,7
2934,2939,2,9
2935,2940,1,3
2936,2941,1,1
2937,2942,2,5
2938,2943,1,3
2939,2944,2,10
2940,2945,2,9
2941,2946,3,10
2942,2947,1,3
2943,2948,1,9
2944,2949,3,5
2945,2950,3,6
2946,2951,3,8
2947,2952,2,10
2948,2953,3,7
2949,2954,3,8
2950,2955,2,9
2951,2956,2,9
2952,2957,2,8
2953,2958,2,8
2954,2959,1,5
2955,2960,2,4
2956,2961,3,8
2957,2962,2,11
2958,2963,2,10
2959,2964,2,10
2960,2965,2,5
2961,2966,2,9
2962,2967,1,3
2963,2968,1,8
2964,2969,2,9
2965,2970,2,8
2966,2971,2,12
2967,2972,2,9
2968,2973,3,11
2969,2974,3,7
2970,2975,2,9
2971,2976,3,9
2972,2977,3,4
2973,2978,2,9
2974,2979,3,6
2975,2980,3,6
2976,2981,2,9
2977,2982,3,9
2978,2983,3,9
2979,2984,2,11
2980,2985,2,10
2981,2986,2,9
2982,2987,2,8
2983,2988,3,10
2984,2989,2,10
2985,2990,2,12
2986,2991,2,4
2987,2992,3,5
2988,2993,2,9
2989,2994,2,8
2990,2995,2,7
2991,2996,1,7
2992,2997,1,3
2993,2998,1,7
2994,2999,3,8
2995,3000,2,10
2996,3001,2,10
2997,3002,2,2
2998,3003,2,8
2999,3004,3,9
3000,3005,2,10
3001,3006,2,7
3002,3007,2,10
3003,3008,2,7
3004,3009,3,7
3005,3010,2,8
3006,3011,2,12
3007,3012,3,2
3008,3013,1,7
3009,3014,2,10
3010,3015,1,9
3011,3016,2,10
3012,3017,3,9
3013,3018,2,9
3014,3019,2,9
3015,3020,1,1
3016,3021,3,4
3017,3022,1,8
3018,3023,2,9
3019,3024,3,6
3020,3025,2,11
3021,3026,2,9
3022,3027,1,3
3023,3028,1,2
3024,3029,2,10
3025,3030,2,5
3026,3031,1,1
3027,3032,1,6
3028,3033,3,7
3029,3034,3,6
3030,3035,2,11
3031,3036,2,8
3032,3037,2,11
3033,3038,1,5
3034,3039,2,8
3035,3040,2,9
3036,3041,1,7
3037,3042,1,2
3038,3043,2,8
3039,3044,3,12
3040,3045,1,1
3041,3046,2,8
3042,3047,2,10
3043,3048,3,1
3044,3049,3,3
3045,3050,2,6
3046,3051,2,11
3047,3052,2,9
3048,3053,2,5
3049,3054,1,3
3050,3055,1,6
3051,3056,3,8
3052,3057,2,10
3053,3058,2,12
3054,3059,3,7
3055,3060,2,8
3056,3061,2,8
3057,3062,1,2
3058,3063,1,6
3059,3064,3,8
3060,3065,2,11
3061,3066,3,10
3062,3067,3,6
3063,3068,3,7
3064,3069,3,4
3065,3070,2,9
3066,3071,2,9
3067,3072,2,5
3068,3073,3,10
3069,3074,2,9
3070,3075,3,8
3071,3076,2,10
3072,3077,2,10
3073,3078,2,6
3074,3079,2,9
3075,3080,3,8
3076,3081,3,6
3077,3082,2,8
3078,3083,2,9
3079,3084,1,4
3080,3085,3,8
3081,3086,1,7
3082,3087,2,8
3083,3088,2,8
3084,3089,1,7
3085,3090,3,8
3086,3091,3,7
3087,3092,1,4
3088,3093,3,9
3089,3094,2,8
3090,3095,3,10
3091,3096,2,7
3092,3097,2,5
3093,3098,1,4
3094,3099,1,7
3095,3100,2,11
3096,3101,2,12
3097,3102,2,6
3098,3103,1,7
3099,3104,1,3
3100,3105,1,7
3101,3106,2,6
3102,3107,1,3
3103,3108,1,2
3104,3109,2,9
3105,3110,1,3
3106,3111,2,11
3107,3112,3,11
3108,3113,2,7
3109,3114,2,5
3110,3115,3,7
3111,3116,3,8
3112,3117,3,7
3113,3118,1,8
3114,3119,1,9
3115,3120,2,5
3116,3121,2,7
3117,3122,2,9
3118,3123,2,6
3119,3124,2,6
3120,3125,2,8
3121,3126,3,5
3122,3127,3,6
3123,3128,3,1
3124,3129,1,2
3125,3130,1,4
3126,3131,3,10
3127,3132,2,6
3128,3133,2,8
3129,3134,2,1
3130,3135,2,10
3131,3136,2,7
3132,3137,3,8
3133,3138,2,10
3134,3139,3,7
3135,3140,2,10
3136,3141,1,9
3137,3142,2,9
3138,3143,3,8
3139,3144,3,9
3140,3145,2,7
3141,3146,2,5
3142,3147,3,7
3143,3148,2,9
3144,3149,3,10
3145,3150,2,9
3146,3151,1,8
3147,3152,1,7
3148,3153,2,9
3149,3154,2,10
3150,3155,2,7
3151,3156,2,10
3152,3157,2,7
3153,3158,1,9
3154,3159,3,7
3155,3160,2,10
3156,3161,3,9
3157,3162,2,11
3158,3163,2,10
3159,3164,2,9
3160,3165,2,9
3161,3166,2,8
3162,3167,3,8
3163,3168,1,7
3164,3169,3,7
3165,3170,3,8
3166,3171,2,1
3167,3172,1,3
3168,3173,3,2
3169,3174,2,12
3170,3175,3,9
3171,3176,3,4
3172,3177,2,10
3173,3178,1,7
3174,3179,2,9
3175,3180,2,9
3176,3181,2,2
3177,3182,2,11
3178,3183,3,10
3179,3184,2,10
3180,3185,2,7
3181,3186,3,9
3182,3187,2,7
3183,3188,3,9
3184,3189,1,3
3185,3190,3,9
3186,3191,1,4
3187,3192,3,2
3188,3193,2,10
3189,3194,1,9
3190,3195,2,8
3191,3196,3,7
3192,3197,2,8
3193,3198,3,8
3194,3199,1,7
3195,3200,1,7
3196,3201,2,8
3197,3202,2,9
3198,3203,1,8
3199,3204,1,6
3200,3205,2,10
3201,3206,2,9
3202,3207,2,1
3203,3208,3,2
3204,3209,1,7
3205,3210,3,5
3206,3211,3,8
3207,3212,2,12
3208,3213,3,11
3209,3214,1,3
3210,3215,2,11
3211,3216,1,7
3212,3217,2,11
3213,3218,1,4
3214,3219,2,7
3215,3220,2,10
3216,3221,1,8
3217,3222,1,9
3218,3223,2,9
3219,3224,3,8
3220,3225,2,11
3221,3226,3,7
3222,3227,3,7
3223,3228,2,1
3224,3229,3,1
3225,3230,3,5
3226,3231,3,8
3227,3232,3,10
3228,3233,3,7
3229,3234,3,8
3230,3235,3,9
3231,3236,3,4
3232,3237,2,8
3233,3238,2,4
3234,3239,3,7
3235,3240,2,8
3236,3241,1,7
3237,3242,3,8
3238,3243,3,7
3239,3244,3,9
3240,3245,2,8
3241,3246,1,12
3242,3247,3,5
3243,3248,3,7
3244,3249,2,4
3245,3250,1,5
3246,3251,2,10
3247,3252,2,12
3248,3253,2,8
3249,3254,1,6
3250,3255,3,10
3251,3256,1,9
3252,3257,2,7
3253,3258,2,9
3254,3259,1,3
3255,3260,1,4
3256,3261,2,8
3257,3262,1,8
3258,3263,2,9
3259,3264,2,11
3260,3265,3,8
3261,3266,2,12
3262,3267,2,4
3263,3268,3,5
3264,3269,2,9
3265,3270,3,10
3266,3271,2,10
3267,3272,3,3
3268,3273,3,12
3269,3274,2,10
3270,3275,2,11
3271,3276,1,2
3272,3277,2,7
3273,3278,1,8
3274,3279,2,9
3275,3280,2,11
3276,3281,1,1
3277,3282,2,10
3278,3283,2,8
3279,3284,3,10
3280,3285,3,9
3281,3286,3,7
3282,3287,2,11
3283,3288,2,9
3284,3289,2,12
3285,3290,3,8
3286,3291,2,11
3287,3292,2,10
3288,3293,2,11
3289,3294,3,4
3290,3295,3,4
3291,3296,2,11
3292,3297,3,6
3293,3298,3,7
3294,3299,3,6
3295,3300,2,9
3296,3301,2,8
3297,3302,2,9
3298,3303,3,10
3299,3304,1,8
3300,3305,2,10
3301,3306,2,9
3302,3307,1,2
3303,3308,2,12
3304,3309,1,6
3305,3310,2,8
3306,3311,1,7
3307,3312,1,2
3308,3313,2,10
3309,3314,2,10
3310,3315,3,7
3311,3316,2,9
3312,3317,3,7
3313,3318,2,1
3314,3319,3,7
3315,3320,3,10
3316,3321,2,11
3317,3322,2,10
3318,3323,1,7
3319,3324,3,9
3320,3325,2,2
3321,3326,2,9
3322,3327,3,4
3323,3328,1,6
3324,3329,2,8
3325,3330,2,12
3326,3331,3,3
3327,3332,2,11
3328,3333,2,10
3329,3334,2,12
3330,3335,1,1
3331,3336,1,1
3332,3337,1,4
3333,3338,2,6
3334,3339,3,3
3335,3340,2,11
3336,3341,2,12
3337,3342,2,9
3338,3343,3,8
3339,3344,2,12
3340,3345,1,2
3341,3346,1,2
3342,3347,3,10
3343,3348,2,1
3344,3349,3,9
3345,3350,2,10
3346,3351,1,7
3347,3352,3,5
3348,3353,2,8
3349,3354,3,10
3350,3355,1,4
3351,3356,3,8
3352,3357,1,4
3353,3358,2,9
3354,3359,3,7
3355,3360,2,10
3356,3361,2,9
3357,3362,1,9
3358,3363,1,5
3359,3364,2,6
3360,3365,2,9
3361,3366,2,7
3362,3367,3,2
3363,3368,2,8
3364,3369,1,1
3365,3370,2,12
3366,3371,1,4
3367,3372,2,12
3368,3373,2,10
3369,3374,2,8
3370,3375,2,10
3371,3376,2,9
3372,3377,1,9
3373,3378,3,8
3374,3379,3,11
3375,3380,3,5
3376,3381,3,3
3377,3382,3,10
3378,3383,3,8
3379,3384,1,8
3380,3385,2,9
3381,3386,2,1
3382,3387,2,9
3383,3388,2,6
3384,3389,3,9
3385,3390,3,8
3386,3391,3,7
3387,3392,2,11
3388,3393,2,12
3389,3394,2,10
3390,3395,3,8
3391,3396,2,10
3392,3397,1,8
3393,3398,2,9
3394,3399,2,9
3395,3400,3,10
3396,3401,2,10
3397,3402,2,1
3398,3403,3,5
3399,3404,2,11
3400,3405,1,6
3401,3406,2,9
3402,3407,3,10
3403,3408,1,8
3404,3409,1,1
3405,3410,2,10
3406,3411,3,5
3407,3412,2,8
3408,3413,2,10
3409,3414,2,7
3410,3415,2,7
3411,3416,3,7
3412,3417,3,12
3413,3418,2,1
3414,3419,1,7
3415,3420,1,5
3416,3421,2,10
3417,3422,2,10
3418,3423,3,9
3419,3424,3,8
3420,3425,3,7
3421,3426,2,8
3422,3427,2,9
3423,3428,2,3
3424,3429,2,1
3425,3430,2,12
3426,3431,3,1
3427,3432,1,7
3428,3433,3,8
3429,3434,3,11
3430,3435,1,3
3431,3436,2,10
3432,3437,3,6
3433,3438,2,7
3434,3439,3,8
3435,3440,2,12
3436,3441,3,9
3437,3442,2,8
3438,3443,2,3
3439,3444,3,8
3440,3445,3,4
3441,3446,1,4
3442,3447,3,8
3443,3448,2,9
3444,3449,2,10
3445,3450,1,3
3446,3451,2,5
3447,3452,2,10
3448,3453,1,9
3449,3454,1,9
3450,3455,1,4
3451,3456,2,11
3452,3457,3,8
3453,3458,2,9
3454,3459,1,10
3455,3460,3,10
3456,3461,2,9
3457,3462,3,1
3458,3463,2,11
3459,3464,2,10
3460,3465,2,12
3461,3466,3,11
3462,3467,1,6
3463,3468,2,12
3464,3469,1,3
3465,3470,3,11
3466,3471,2,7
3467,3472,2,3
3468,3473,3,7
3469,3474,1,1
3470,3475,2,10
3471,3476,2,11
3472,3477,2,7
3473,3478,2,1
3474,3479,3,9
3475,3480,2,10
3476,3481,3,7
3477,3482,1,8
3478,3483,1,5
3479,3484,1,6
3480,3485,2,8
3481,3486,2,8
3482,3487,3,9
3483,3488,2,10
3484,3489,2,11
3485,3490,2,10
3486,3491,3,10
3487,3492,3,9
3488,3493,2,10
3489,3494,2,10
3490,3495,2,9
3491,3496,2,9
3492,3497,3,5
3493,3498,3,4
3494,3499,1,9
3495,3500,2,10
3496,3501,2,11
3497,3502,2,10
3498,3503,2,11
3499,3504,3,10
3500,3505,2,10
3501,3506,2,7
3502,3507,3,3
3503,3508,3,10
3504,3509,3,9
3505,3510,2,2
3506,3511,3,4
3507,3512,2,10
3508,3513,2,9
3509,3514,3,7
3510,3515,1,5
3511,3516,2,10
3512,3517,1,8
3513,3518,2,8
3514,3519,2,5
3515,3520,2,12
3516,3521,2,11
3517,3522,2,11
3518,3523,2,10
3519,3524,2,2
3520,3525,1,3
3521,3526,2,9
3522,3527,3,9
3523,3528,2,10
3524,3529,2,7
3525,3530,2,8
3526,3531,2,10
3527,3532,3,6
3528,3533,2,5
3529,3534,3,1
3530,3535,2,6
3531,3536,3,10
3532,3537,2,7
3533,3538,2,9
3534,3539,1,7
3535,3540,1,8
3536,3541,2,9
3537,3542,1,2
3538,3543,1,4
3539,3544,1,4
3540,3545,3,9
3541,3546,2,12
3542,3547,3,10
3543,3548,3,8
3544,3549,2,9
3545,3550,2,8
3546,3551,1,6
3547,3552,2,7
3548,3553,3,10
3549,3554,2,11
3550,3555,2,12
3551,3556,3,12
3552,3557,1,4
3553,3558,1,10
3554,3559,1,7
3555,3560,1,2
3556,3561,1,7
3557,3562,2,9
3558,3563,1,7
3559,3564,2,12
3560,3565,2,12
3561,3566,2,9
3562,3567,1,5
3563,3568,1,9
3564,3569,2,8
3565,3570,3,2
3566,3571,3,2
3567,3572,2,8
3568,3573,1,7
3569,3574,1,3
3570,3575,2,4
3571,3576,2,4
3572,3577,1,4
3573,3578,2,9
3574,3579,2,6
3575,3580,3,7
3576,3581,3,9
3577,3582,2,10
3578,3583,2,10
3579,3584,1,7
3580,3585,3,12
3581,3586,2,10
3582,3587,2,8
3583,3588,2,10
3584,3589,1,8
3585,3590,2,11
3586,3591,2,2
3587,3592,1,6
3588,3593,3,8
3589,3594,3,10
3590,3595,2,10
3591,3596,3,11
3592,3597,2,7
3593,3598,2,2
3594,3599,2,12
3595,3600,3,8
3596,3601,2,7
3597,3602,2,6
3598,3603,2,2
3599,3604,2,8
3600,3605,1,7
3601,3606,3,7
3602,3607,2,11
3603,3608,2,10
3604,3609,2,9
3605,3610,3,10
3606,3611,1,8
3607,3612,3,12
3608,3613,3,7
3609,3614,2,8
3610,3615,1,7
3611,3616,3,6
3612,3617,2,10
3613,3618,3,8
3614,3619,2,8
3615,3620,1,8
3616,3621,2,3
3617,3622,2,10
3618,3623,2,1
3619,3624,2,4
3620,3625,2,4
3621,3626,2,8
3622,3627,2,9
3623,3628,2,9
3624,3629,2,5
3625,3630,2,10
3626,3631,1,8
3627,3632,3,7
3628,3633,2,11
3629,3634,2,8
3630,3635,2,9
3631,3636,1,2
3632,3637,2,8
3633,3638,2,11
3634,3639,2,7
3635,3640,2,6
3636,3641,2,10
3637,3642,2,4
3638,3643,3,5
3639,3644,2,10
3640,3645,3,2
3641,3646,3,3
3642,3647,1,8
3643,3648,3,10
3644,3649,2,9
3645,3650,2,12
3646,3651,2,12
3647,3652,2,4
3648,3653,1,9
3649,3654,2,10
3650,3655,1,3
3651,3656,2,9
3652,3657,1,7
3653,3658,3,8
3654,3659,1,3
3655,3660,2,10
3656,3661,2,8
3657,3662,3,9
3658,3663,3,12
3659,3664,2,9
3660,3665,3,1
3661,3666,3,7
3662,3667,3,10
3663,3668,2,5
3664,3669,2,8
3665,3670,1,8
3666,3671,2,10
3667,3672,2,10
3668,3673,3,3
3669,3674,3,4
3670,3675,1,5
3671,3676,2,12
3672,3677,2,10
3673,3678,2,9
3674,3679,2,5
3675,3680,1,5
3676,3681,2,10
3677,3682,1,3
3678,3683,2,9
3679,3684,3,3
3680,3685,2,11
3681,3686,3,6
3682,3687,2,8
3683,3688,3,5
3684,3689,3,6
3685,3690,2,9
3686,3691,3,6
3687,3692,2,9
3688,3693,3,7
3689,3694,3,11
3690,3695,2,8
3691,3696,2,8
3692,3697,2,12
3693,3698,1,8
3694,3699,3,5
3695,3700,1,3
3696,3701,2,10
3697,3702,2,7
3698,3703,2,7
3699,3704,3,3
3700,3705,2,9
3701,3706,3,9
3702,3707,3,10
3703,3708,1,6
3704,3709,3,10
3705,3710,2,9
3706,3711,1,5
3707,3712,2,9
3708,3713,1,5
3709,3714,2,4
3710,3715,3,6
3711,3716,2,12
3712,3717,3,7
3713,3718,1,9
3714,3719,2,2
3715,3720,3,10
3716,3721,3,4
3717,3722,3,10
3718,3723,2,11
3719,3724,3,5
3720,3725,2,12
3721,3726,2,8
3722,3727,3,8
3723,3728,2,10
3724,3729,3,10
3725,3730,1,4
3726,3731,2,9
3727,3732,2,9
3728,3733,2,8
3729,3734,1,8
3730,3735,2,11
3731,3736,2,8
3732,3737,2,8
3733,3738,2,10
3734,3739,3,9
3735,3740,2,1
3736,3741,2,10
3737,3742,3,7
3738,3743,3,10
3739,3744,2,7
3740,3745,2,1
3741,3746,2,10
3742,3747,3,7
3743,3748,2,8
3744,3749,2,12
3745,3750,2,4
3746,3751,1,6
3747,3752,2,9
3748,3753,2,7
3749,3754,2,8
3750,3755,2,9
3751,3756,1,9
3752,3757,2,11
3753,3758,2,10
3754,3759,3,7
3755,3760,3,11
3756,3761,2,3
3757,3762,2,9
3758,3763,3,5
3759,3764,3,4
3760,3765,2,11
3761,3766,3,6
3762,3767,2,7
3763,3768,1,7
3764,3769,2,10
3765,3770,2,10
3766,3771,2,9
3767,3772,2,10
3768,3773,1,7
3769,3774,3,8
3770,3775,1,5
3771,3776,3,6
3772,3777,1,7
3773,3778,3,4
3774,3779,3,11
3775,3780,2,8
3776,3781,1,7
3777,3782,2,7
3778,3783,3,11
3779,3784,2,9
3780,3785,2,10
3781,3786,2,11
3782,3787,2,10
3783,3788,2,3
3784,3789,3,9
3785,3790,3,3
3786,3791,3,8
3787,3792,1,3
3788,3793,2,10
3789,3794,3,10
3790,3795,2,9
3791,3796,2,1
3792,3797,2,9
3793,3798,3,9
3794,3799,3,12
3795,3800,1,7
3796,3801,2,7
3797,3802,2,7
3798,3803,3,6
3799,3804,2,6
3800,3805,2,9
3801,3806,1,5
3802,3807,1,6
3803,3808,3,3
3804,3809,3,12
3805,3810,2,7
3806,3811,2,9
3807,3812,2,11
3808,3813,2,1
3809,3814,3,7
3810,3815,3,5
3811,3816,2,9
3812,3817,3,1
3813,3818,2,12
3814,3819,2,8
3815,3820,2,10
3816,3821,2,7
3817,3822,2,1
3818,3823,3,10
3819,3824,2,8
3820,3825,2,7
3821,3826,3,7
3822,3827,3,5
3823,3828,3,9
3824,3829,3,8
3825,3830,1,6
3826,3831,2,6
3827,3832,2,9
3828,3833,2,10
3829,3834,3,7
3830,3835,3,6
3831,3836,3,6
3832,3837,3,10
3833,3838,3,8
3834,3839,2,11
3835,3840,3,3
3836,3841,3,3
3837,3842,2,11
3838,3843,1,8
3839,3844,1,7
3840,3845,1,8
3841,3846,1,7
3842,3847,2,8
3843,3848,2,11
3844,3849,2,10
3845,3850,1,11
3846,3851,1,3
3847,3852,1,4
3848,3853,1,8
3849,3854,1,4
3850,3855,1,4
3851,3856,2,7
3852,3857,2,7
3853,3858,2,9
3854,3859,2,7
3855,3860,2,8
3856,3861,2,3
3857,3862,3,10
3858,3863,1,8
3859,3864,1,3
3860,3865,2,1
3861,3866,1,2
3862,3867,3,9
3863,3868,2,5
3864,3869,2,7
3865,3870,2,8
3866,3871,1,4
3867,3872,2,10
3868,3873,2,9
3869,3874,2,7
3870,3875,2,7
3871,3876,3,2
3872,3877,2,6
3873,3878,3,9
3874,3879,2,11
3875,3880,2,8
3876,3881,2,3
3877,3882,2,9
3878,3883,2,9
3879,3884,2,4
3880,3885,2,11
3881,3886,1,1
3882,3887,1,6
3883,3888,3,12
3884,3889,2,1
3885,3890,2,9
3886,3891,2,5
3887,3892,2,9
3888,3893,3,7
3889,3894,3,8
3890,3895,2,10
3891,3896,2,8
3892,3897,1,5
3893,3898,3,9
3894,3899,3,6
3895,3900,2,12
3896,3901,2,2
3897,3902,2,1
3898,3903,1,3
3899,3904,3,4
3900,3905,3,7
3901,3906,2,11
3902,3907,2,9
3903,3908,3,10
3904,3909,2,9
3905,3910,3,8
3906,3911,2,8
3907,3912,1,9
3908,3913,2,10
3909,3914,2,11
3910,3915,2,7
3911,3916,2,8
3912,3917,1,4
3913,3918,2,5
3914,3919,3,10
3915,3920,2,9
3916,3921,2,12
3917,3922,1,1
3918,3923,1,8
3919,3924,3,10
3920,3925,2,11
3921,3926,2,9
3922,3927,2,9
3923,3928,2,10
3924,3929,1,8
3925,3930,2,9
3926,3931,2,9
3927,3932,2,8
3928,3933,3,2
3929,3934,1,6
3930,3935,3,10
3931,3936,3,10
3932,3937,2,8
3933,3938,2,10
3934,3939,2,11
3935,3940,2,9
3936,3941,1,2
3937,3942,2,11
3938,3943,1,8
3939,3944,2,12
3940,3945,1,7
3941,3946,2,8
3942,3947,2,4
3943,3948,3,9
3944,3949,3,2
3945,3950,1,7
3946,3951,1,7
3947,3952,3,10
3948,3953,3,5
3949,3954,1,5
3950,3955,3,2
3951,3956,1,8
3952,3957,2,11
3953,3958,3,3
3954,3959,3,7
3955,3960,3,9
3956,3961,2,10
3957,3962,2,7
3958,3963,2,2
3959,3964,2,9
3960,3965,2,7
3961,3966,3,10
3962,3967,2,8
3963,3968,2,12
3964,3969,2,5
3965,3970,3,7
3966,3971,2,8
3967,3972,3,11
3968,3973,2,10
3969,3974,3,8
3970,3975,2,9
3971,3976,3,7
3972,3977,3,11
3973,3978,2,7
3974,3979,2,8
3975,3980,2,10
3976,3981,3,9
3977,3982,2,9
3978,3983,2,10
3979,3984,2,10
3980,3985,1,5
3981,3986,2,9
3982,3987,1,10
3983,3988,2,11
3984,3989,2,2
3985,3990,2,8
3986,3991,1,5
3987,3992,2,11
3988,3993,3,6
3989,3994,3,2
3990,3995,2,12
3991,3996,3,6
3992,3997,2,2
3993,3998,2,6
3994,3999,3,3
3995,4000,1,6
3996,4001,2,10
3997,4002,1,7
3998,4003,2,7
