customer_id,state,property_valuation
1,2,10
2,2,10
4,1,9
5,2,4
6,3,9
7,2,9
8,2,4
9,2,12
11,3,8
12,1,4
13,3,6
14,2,8
15,2,9
16,3,4
17,3,9
18,2,12
19,2,9
20,2,8
21,2,7
24,2,10
25,1,3
26,1,5
27,3,7
28,1,4
29,1,7
30,2,11
31,2,12
32,2,9
33,2,9
34,1,8
35,1,6
36,2,8
37,1,1
38,1,4
39,2,10
40,2,8
41,3,9
42,3,10
43,1,8
44,1,2
45,2,3
46,3,6
47,2,4
48,3,9
49,2,9
50,2,10
51,1,5
52,2,8
53,1,3
54,2,8
55,2,10
56,2,10
57,1,6
58,2,9
59,2,9
60,2,10
61,2,7
62,2,8
63,2,9
64,3,8
65,2,10
66,2,10
67,2,10
68,3,7
69,3,7
70,2,12
71,2,10
72,1,6
73,2,8
74,1,8
75,2,8
76,1,9
77,1,5
78,2,9
79,2,10
80,3,1
81,2,6
82,3,8
83,2,12
84,2,11
85,2,11
86,2,11
87,2,12
88,2,12
89,2,11
90,2,10
91,2,9
92,3,10
93,3,10
94,2,7
95,3,10
96,2,11
97,2,8
98,2,10
99,2,9
100,2,12
101,2,10
102,2,9
103,2,12
104,1,10
105,2,10
106,2,9
107,2,12
108,2,8
109,2,11
110,3,8
111,2,12
112,3,11
113,1,4
114,2,9
115,3,1
116,2,8
117,1,6
118,3,10
119,3,7
120,2,2
121,2,9
122,1,2
123,2,8
124,3,8
125,2,10
126,1,4
127,1,1
128,2,5
129,2,9
130,2,7
131,1,3
132,2,8
133,1,1
134,2,11
135,3,6
136,1,3
137,2,10
138,2,9
139,1,1
140,3,9
141,2,11
142,3,9
143,1,6
144,2,3
145,2,5
146,2,11
147,2,11
148,3,8
149,1,7
150,2,7
151,2,9
152,2,12
153,2,8
154,2,8
155,2,10
156,3,11
157,3,8
158,2,6
159,2,10
160,2,11
161,2,10
162,2,10
163,3,10
164,1,4
165,2,10
166,1,4
167,1,6
168,3,6
169,2,9
170,3,8
171,2,11
172,3,4
173,2,8
174,2,9
175,3,11
176,2,8
177,2,5
178,2,7
179,2,9
180,1,8
181,3,1
182,1,4
183,2,10
184,2,1
185,2,5
186,1,7
187,2,10
188,2,11
189,3,4
190,2,9
191,2,7
192,3,6
193,1,7
194,1,5
195,3,9
196,2,8
197,2,12
198,3,7
199,2,8
200,1,2
201,2,9
202,1,5
203,2,11
204,3,10
205,3,9
206,2,9
207,1,8
208,1,7
209,2,11
210,3,9
211,2,10
212,1,4
213,1,4
214,1,9
215,1,3
216,2,10
217,2,11
218,2,8
219,2,8
220,3,8
221,2,8
222,2,11
223,2,7
224,2,12
225,2,9
226,2,7
227,2,9
228,2,7
229,2,10
230,2,11
231,2,10
232,2,9
233,2,10
234,2,10
235,2,8
236,3,2
237,2,11
238,2,8
239,1,3
240,2,9
241,1,7
242,2,9
243,2,8
244,3,6
245,3,1
246,1,5
247,2,4
248,2,10
249,2,11
250,2,10
251,2,8
252,2,7
253,2,7
254,3,1
255,3,2
256,2,7
257,2,5
258,2,6
259,2,6
260,1,2
261,2,1
262,2,10
263,2,9
264,2,10
265,3,9
266,2,10
267,2,10
268,2,9
269,3,7
270,3,10
271,1,2
272,2,12
273,3,9
274,3,8
275,2,4
276,3,8
277,1,8
278,2,12
279,2,11
280,2,8
281,2,6
282,1,5
283,1,6
284,2,11
285,2,12
286,1,7
287,2,8
288,3,7
289,2,9
290,2,9
291,3,5
292,1,8
293,2,2
294,3,7
295,1,6
296,2,8
297,3,7
298,3,8
299,2,9
300,3,9
301,2,7
302,1,7
303,2,9
304,2,11
305,2,4
306,3,3
307,3,9
308,3,5
309,3,7
310,2,9
311,2,10
312,2,10
313,3,8
314,3,3
315,3,10
316,3,7
317,2,10
318,2,2
319,2,8
320,1,2
321,1,5
322,1,6
323,1,9
324,2,9
325,1,8
326,2,10
327,1,8
328,3,8
329,3,4
330,2,9
331,2,8
332,1,8
333,1,5
334,3,2
335,3,6
336,3,8
337,3,10
338,3,12
339,2,8
340,2,10
341,2,8
342,2,10
343,2,11
344,2,9
345,2,9
346,2,10
347,2,9
348,2,10
349,3,11
350,3,9
351,3,10
352,1,6
353,3,9
354,2,5
355,2,8
356,1,3
357,3,9
358,2,9
359,2,4
360,2,7
361,2,11
362,2,7
363,2,12
364,1,9
365,1,5
366,2,10
367,2,12
368,1,6
369,3,10
370,1,4
371,3,4
372,3,8
373,3,9
374,3,10
375,2,9
376,3,7
377,2,5
378,2,9
379,3,7
380,1,1
381,2,12
382,2,5
383,1,8
384,3,7
385,2,9
386,2,8
387,2,10
388,3,8
389,2,9
390,2,10
391,2,2
392,3,8
393,2,10
394,2,5
395,3,7
396,2,11
397,1,7
398,3,12
399,1,3
400,3,11
401,2,5
402,2,1
403,3,3
404,2,4
405,2,8
406,2,1
407,2,8
408,3,10
409,2,9
410,2,8
411,2,8
412,1,3
413,2,9
414,2,8
415,2,9
416,1,4
417,3,8
418,2,1
419,1,8
420,3,7
421,2,3
422,2,11
423,1,2
424,3,11
425,2,3
426,3,8
427,2,11
428,2,10
429,2,3
430,1,7
431,1,7
432,2,10
433,3,2
434,2,10
435,2,12
436,2,10
437,3,7
438,3,4
439,3,8
440,2,6
441,2,8
442,1,6
443,1,7
444,2,6
445,3,5
446,2,9
447,2,10
448,2,10
449,2,7
450,2,10
451,3,10
452,3,8
453,2,10
454,1,10
455,2,10
456,2,7
457,2,9
458,3,8
459,1,5
460,3,2
461,2,10
462,2,6
463,2,7
464,3,11
465,2,5
466,2,9
467,2,9
468,3,9
469,2,12
470,2,11
471,3,8
472,2,9
473,3,9
474,2,9
475,3,10
476,1,8
477,2,9
478,2,8
479,2,4
480,2,6
481,2,9
482,2,9
483,3,9
484,2,9
485,2,3
486,3,7
487,3,9
488,3,2
489,3,4
490,3,11
491,3,10
492,3,9
493,1,10
494,2,10
495,3,9
496,2,9
497,3,9
498,2,3
499,3,7
500,3,7
501,3,8
502,1,3
503,2,10
504,3,7
505,2,9
506,3,10
507,2,8
508,2,9
509,1,6
510,2,8
511,2,3
512,3,8
513,3,12
514,3,10
515,2,12
516,2,8
517,2,11
518,1,8
519,3,12
520,2,9
521,2,8
522,1,9
523,2,10
524,3,5
525,3,2
526,2,12
527,2,8
528,2,10
529,2,9
530,3,10
531,2,7
532,1,5
533,2,7
534,2,11
535,3,12
536,2,7
537,2,10
538,1,7
539,3,9
540,2,9
541,3,10
542,2,6
543,2,4
544,2,10
545,2,8
546,2,2
547,2,9
548,1,7
549,2,1
550,3,6
551,3,7
552,2,9
553,2,7
554,2,9
555,3,4
556,2,8
557,1,2
558,3,7
559,2,10
560,3,1
561,2,8
562,1,3
563,1,5
564,2,9
565,2,8
566,2,12
567,2,11
568,1,8
569,2,2
570,2,10
571,3,10
572,3,10
573,3,8
574,2,12
575,2,11
576,2,10
577,3,8
578,3,10
579,2,10
580,2,7
581,2,9
582,2,4
583,2,7
584,2,10
585,1,4
586,2,9
587,3,8
588,2,1
589,2,11
590,2,11
591,2,11
592,1,8
593,2,4
594,2,9
595,1,4
596,1,2
597,3,7
598,2,12
599,3,8
600,2,8
601,2,11
602,1,3
603,1,5
604,2,8
605,2,8
606,2,8
607,2,11
608,1,6
609,2,9
610,2,6
611,1,8
612,2,11
613,2,9
614,2,11
615,1,9
616,2,4
617,1,7
618,3,7
619,2,9
620,1,3
621,2,7
622,1,3
623,1,3
624,2,8
625,1,7
626,1,7
627,1,5
628,1,4
629,1,1
630,2,10
631,3,8
632,3,8
633,1,8
634,2,3
635,2,8
636,2,9
637,2,8
638,3,6
639,2,7
640,2,9
641,3,6
642,1,8
643,3,4
644,2,1
645,3,10
646,3,2
647,3,9
648,1,7
649,2,8
650,2,7
651,2,12
652,3,3
653,2,4
654,2,8
655,3,8
656,3,5
657,1,7
658,3,9
659,2,12
660,2,10
661,2,7
662,3,9
663,2,9
664,1,5
665,1,10
666,3,8
667,2,12
668,2,9
669,1,7
670,1,2
671,2,10
672,2,1
673,2,7
674,3,7
675,2,12
676,2,8
677,2,10
678,1,7
679,2,9
680,2,7
681,2,9
682,2,8
683,2,7
684,2,9
685,2,4
686,2,9
687,2,12
688,3,8
689,3,10
690,1,7
691,2,7
692,2,9
693,1,4
694,2,8
695,2,8
696,2,10
697,1,7
698,3,7
699,2,6
700,2,3
701,1,5
702,2,12
703,2,6
704,2,11
705,2,10
706,3,1
707,3,9
708,3,3
709,3,9
710,2,8
711,3,7
712,2,9
713,3,6
714,2,10
715,2,9
716,2,7
717,2,9
718,1,11
719,1,1
720,2,10
721,3,8
722,2,9
723,2,9
724,2,8
725,1,8
726,2,8
727,3,3
728,3,6
729,3,9
730,3,10
731,2,9
732,2,11
733,2,10
734,2,10
735,2,7
736,3,5
737,1,2
738,1,5
739,3,11
740,1,2
741,1,9
742,2,9
743,2,10
744,3,11
745,1,5
746,3,8
747,2,11
748,2,9
749,3,12
750,2,8
751,2,10
752,1,3
753,2,3
754,3,4
755,2,4
756,3,7
757,1,8
758,2,10
759,2,10
760,2,9
761,2,9
762,2,8
763,2,5
764,1,1
765,3,1
766,2,8
767,2,8
768,2,9
769,2,8
770,3,10
771,1,4
772,2,7
773,1,3
774,3,8
775,1,4
776,1,4
777,2,9
778,2,9
779,2,9
780,2,3
781,2,10
782,1,3
783,1,2
784,3,6
785,2,8
786,2,10
787,2,7
788,2,9
789,2,11
790,3,9
791,3,10
792,2,7
793,2,10
794,2,3
795,2,9
796,3,8
797,2,8
798,3,9
799,2,8
800,1,4
801,1,3
802,1,7
803,1,7
804,1,7
805,2,8
806,2,9
807,2,8
808,3,2
809,2,8
810,2,9
811,2,10
812,2,4
813,2,12
814,3,8
815,2,11
816,2,10
817,3,5
818,2,11
819,2,12
820,2,12
821,2,8
822,3,5
823,2,11
824,1,3
825,2,12
826,2,8
827,1,11
828,2,11
829,3,8
830,2,8
831,1,4
832,1,3
833,2,7
834,3,7
835,2,10
836,1,10
837,2,8
838,1,3
839,2,1
840,1,3
841,3,11
842,3,6
843,2,10
844,2,5
845,2,7
846,2,9
847,2,7
848,1,7
849,1,7
850,2,9
851,1,10
852,2,7
853,2,2
854,3,7
855,1,2
856,3,7
857,1,4
858,1,7
859,2,10
860,1,9
861,3,8
862,3,10
863,3,1
864,1,8
865,1,5
866,2,7
867,3,12
868,2,10
869,2,10
870,2,9
871,2,10
872,2,3
873,2,7
874,2,10
875,3,9
876,2,10
877,2,8
878,1,5
879,2,10
880,2,10
881,1,5
882,2,12
883,2,3
884,3,10
885,1,8
886,2,10
887,2,4
888,1,1
889,1,9
890,2,11
891,3,12
892,3,8
893,2,8
894,2,9
895,2,9
896,2,8
897,2,10
898,2,8
899,2,7
900,3,8
901,1,5
902,2,3
903,1,5
904,1,7
905,1,3
906,3,9
907,2,9
908,3,8
909,3,7
910,2,10
911,2,8
912,2,10
913,2,7
914,3,8
915,2,5
916,2,8
917,3,9
918,3,4
919,2,10
920,2,10
921,2,11
922,3,8
923,1,4
924,2,10
925,2,4
926,2,8
927,3,8
928,3,8
929,3,12
930,2,6
931,3,8
932,2,7
933,2,9
934,2,12
935,2,10
936,3,2
937,2,8
938,3,7
939,2,9
940,1,2
941,1,8
942,1,8
943,2,11
944,3,3
945,1,6
946,2,10
947,3,7
948,2,6
949,2,9
950,1,5
951,2,9
952,3,7
953,1,1
954,3,6
955,2,9
956,2,12
957,3,10
958,2,12
959,2,9
960,3,8
961,2,8
962,3,8
963,2,10
964,2,12
965,2,1
966,1,10
967,3,5
968,2,6
969,1,5
970,2,10
971,3,7
972,1,5
973,3,7
974,1,7
975,2,8
976,3,8
977,2,7
978,2,1
979,3,9
980,2,8
981,2,9
982,2,6
983,2,11
984,3,7
985,1,4
986,1,3
987,1,9
988,1,6
989,1,4
990,2,7
991,3,9
992,3,9
993,2,3
994,3,10
995,1,5
996,2,10
997,2,9
998,2,9
999,3,9
1000,3,9
1001,1,3
1002,3,12
1003,1,7
1004,3,6
1005,2,9
1006,3,8
1007,2,12
1008,2,12
1009,1,9
1010,2,4
1011,2,9
1012,1,9
1013,2,8
1014,2,8
1015,3,8
1016,3,11
1017,2,11
1018,3,10
1019,2,8
1020,2,10
1021,2,8
1022,2,10
1023,2,8
1024,3,9
1025,3,8
1026,2,10
1027,2,12
1028,2,9
1029,2,6
1030,3,7
1031,1,7
1032,3,11
1033,1,9
1034,2,3
1035,2,9
1036,2,12
1037,2,11
1038,3,6
1039,2,4
1040,1,8
1041,2,10
1042,2,11
1043,1,7
1044,1,1
1045,2,11
1046,2,9
1047,2,7
1048,3,9
1049,3,8
1050,2,11
1051,3,10
1052,3,11
1053,2,5
1054,2,11
1055,2,10
1056,2,7
1057,2,12
1058,3,6
1059,2,11
1060,2,11
1061,2,12
1062,2,11
1063,2,10
1064,2,8
1065,2,9
1066,3,10
1067,2,9
1068,2,8
1069,1,7
1070,1,4
1071,2,7
1072,2,3
1073,2,10
1074,2,3
1075,2,1
1076,2,9
1077,1,7
1078,2,9
1079,2,9
1080,1,9
1081,2,8
1082,1,9
1083,1,8
1084,2,4
1085,1,7
1086,3,9
1087,3,5
1088,3,9
1089,3,9
1090,2,11
1091,3,7
1092,3,3
1093,2,10
1094,1,7
1095,2,9
1096,2,9
1097,2,8
1098,2,9
1099,2,8
1100,1,3
1101,2,11
1102,2,3
1103,2,10
1104,2,6
1105,2,4
1106,3,11
1107,2,9
1108,2,5
1109,3,9
1110,3,7
1111,3,6
1112,2,11
1113,2,12
1114,1,7
1115,2,10
1116,2,9
1117,2,9
1118,2,8
1119,2,11
1120,2,9
1121,2,11
1122,3,8
1123,2,7
1124,2,11
1125,2,9
1126,3,11
1127,2,10
1128,1,4
1129,1,8
1130,2,12
1131,1,3
1132,3,7
1133,1,4
1134,2,11
1135,2,6
1136,2,9
1137,3,3
1138,1,6
1139,1,2
1140,2,10
1141,3,11
1142,2,9
1143,2,5
1144,2,9
1145,3,10
1146,3,4
1147,2,9
1148,2,5
1149,2,7
1150,1,4
1151,2,9
1152,1,10
1153,1,4
1154,2,11
1155,2,1
1156,1,3
1157,2,12
1158,3,4
1159,3,8
1160,2,7
1161,1,7
1162,3,10
1163,3,9
1164,3,9
1165,2,1
1166,2,8
1167,1,6
1168,3,8
1169,2,10
1170,1,9
1171,1,8
1172,2,9
1173,2,7
1174,2,7
1175,2,9
1176,2,9
1177,2,8
1178,2,9
1179,1,8
1180,2,8
1181,1,8
1182,2,3
1183,3,6
1184,2,9
1185,2,10
1186,2,10
1187,3,1
1188,2,11
1189,3,9
1190,2,2
1191,2,10
1192,2,9
1193,2,5
1194,1,4
1195,3,8
1196,2,10
1197,2,8
1198,2,1
1199,2,7
1200,1,3
1201,2,9
1202,2,10
1203,1,6
1204,2,10
1205,2,10
1206,3,5
1207,2,4
1208,2,10
1209,3,9
1210,2,9
1211,2,8
1212,2,9
1213,3,10
1214,2,11
1215,2,10
1216,3,7
1217,2,4
1218,3,7
1219,3,4
1220,3,7
1221,2,9
1222,3,9
1223,2,7
1224,2,6
1225,3,10
1226,3,7
1227,2,7
1228,2,4
1229,2,11
1230,2,9
1231,2,10
1232,1,8
1233,2,11
1234,2,9
1235,2,2
1236,3,7
1237,3,4
1238,3,5
1239,1,7
1240,2,8
1241,2,9
1242,3,7
1243,2,11
1244,2,8
1245,2,10
1246,1,2
1247,1,1
1248,1,2
1249,1,2
1250,1,7
1251,1,6
1252,1,4
1253,1,2
1254,1,1
1255,2,9
1256,1,6
1257,1,2
1258,1,1
1259,1,1
1260,1,2
1261,1,2
1262,1,3
1263,1,1
1264,1,2
1265,1,3
1266,1,1
1267,1,3
1268,1,9
1269,1,6
1270,1,6
1271,1,4
1272,1,5
1273,1,2
1274,1,7
1275,1,2
1276,1,8
1277,1,1
1278,1,4
1279,1,3
1280,1,7
1281,1,8
1282,1,5
1283,1,7
1284,1,8
1285,1,6
1286,1,8
1287,1,4
1288,1,7
1289,1,1
1290,1,5
1291,1,2
1292,1,3
1293,1,6
1294,1,7
1295,1,7
1296,1,6
1297,1,7
1298,1,5
1299,1,8
1300,1,9
1301,1,7
1302,1,7
1303,1,1
1304,1,7
1305,1,4
1306,1,7
1307,1,6
1308,1,7
1309,1,8
1310,1,9
1311,1,7
1312,1,8
1313,1,4
1314,2,8
1315,3,10
1316,1,7
1317,1,2
1318,1,6
1319,1,2
1320,1,3
1321,1,6
1322,1,8
1323,1,7
1324,1,5
1325,1,4
1326,3,8
1327,3,8
1328,3,8
1329,3,7
1330,3,6
1331,3,7
1332,3,10
1333,3,2
1334,3,2
1335,3,5
1336,3,6
1337,3,8
1338,3,9
1339,3,8
1340,3,7
1341,3,7
1342,2,8
1343,3,8
1344,3,4
1345,3,1
1346,3,4
1347,3,2
1348,3,2
1349,3,10
1350,3,7
1351,3,2
1352,3,7
1353,3,1
1354,3,4
1355,3,4
1356,3,8
1357,3,1
1358,3,3
1359,3,5
1360,3,5
1361,3,4
1362,3,5
1363,3,5
1364,3,6
1365,3,5
1366,1,9
1367,3,7
1368,3,10
1369,3,6
1370,3,6
1371,3,1
1372,3,8
1373,3,8
1374,3,10
1375,3,8
1376,3,5
1377,3,10
1378,3,6
1379,3,9
1380,3,9
1381,3,8
1382,3,8
1383,3,6
1384,1,7
1385,3,10
1386,3,9
1387,3,6
1388,3,8
1389,3,10
1390,3,7
1391,3,9
1392,3,6
1393,3,8
1394,3,9
1395,3,5
1396,3,4
1397,3,5
1398,3,6
1399,3,9
1400,1,4
1401,3,9
1402,3,8
1403,3,7
1404,3,8
1405,3,4
1406,3,6
1407,3,10
1408,2,1
1409,3,2
1410,2,5
1411,2,7
1412,2,4
1413,2,1
1414,2,8
1415,2,8
1416,2,10
1417,2,7
1418,2,5
1419,2,9
1420,2,8
1421,2,10
1422,2,10
1423,2,9
1424,2,9
1425,2,7
1426,2,8
1427,2,9
1428,2,8
1429,2,2
1430,2,8
1431,2,9
1432,2,8
1433,2,8
1434,2,11
1435,2,8
1436,2,8
1437,2,9
1438,2,8
1439,2,10
1440,2,9
1441,2,10
1442,2,9
1443,2,7
1444,2,5
1445,2,4
1446,3,2
1447,2,1
1448,2,8
1449,2,3
1450,2,2
1451,2,9
1452,2,8
1453,2,8
1454,2,9
1455,2,7
1456,2,4
1457,2,8
1458,2,6
1459,2,8
1460,2,9
1461,2,9
1462,1,6
1463,2,9
1464,2,9
1465,2,5
1466,2,8
1467,2,8
1468,2,9
1469,2,10
1470,2,8
1471,2,9
1472,2,9
1473,2,5
1474,2,5
1475,2,6
1476,2,4
1477,2,3
1478,2,2
1479,1,6
1480,2,7
1481,2,3
1482,2,8
1483,2,10
1484,2,10
1485,2,8
1486,2,4
1487,2,5
1488,2,3
1489,2,9
1490,2,6
1491,2,5
1492,2,3
1493,2,5
1494,2,5
1495,2,5
1496,2,9
1497,2,8
1498,2,9
1499,2,8
1500,2,7
1501,2,9
1502,2,4
1503,2,10
1504,2,10
1505,2,12
1506,2,8
1507,2,10
1508,2,10
1509,2,10
1510,2,10
1511,2,10
1512,2,10
1513,2,10
1514,2,10
1515,2,10
1516,2,10
1517,2,10
1518,2,8
1519,2,8
1520,2,10
1521,2,10
1522,2,9
1523,2,8
1524,2,8
1525,2,8
1526,2,6
1527,2,1
1528,2,10
1529,2,8
1530,2,8
1531,2,9
1532,2,8
1533,2,10
1534,2,9
1535,2,12
1536,2,9
1537,2,8
1538,2,8
1539,2,9
1540,2,11
1541,2,9
1542,2,10
1543,2,10
1544,2,10
1545,3,10
1546,2,10
1547,2,10
1548,2,10
1549,2,7
1550,2,10
1551,2,12
1552,2,10
1553,2,8
1554,2,8
1555,2,8
1556,2,9
1557,2,9
1558,2,10
1559,2,9
1560,2,10
1561,2,9
1562,2,9
1563,1,4
1564,2,10
1565,2,10
1566,2,9
1567,2,8
1568,2,11
1569,2,10
1570,2,12
1571,2,11
1572,2,12
1573,2,12
1574,2,11
1575,2,11
1576,2,9
1577,2,11
1578,2,8
1579,2,10
1580,1,3
1581,2,6
1582,2,11
1583,2,11
1584,2,9
1585,2,10
1586,2,11
1587,2,10
1588,2,11
1589,2,9
1590,1,5
1591,2,12
1592,2,10
1593,2,12
1594,2,10
1595,3,9
1596,2,12
1597,2,10
1598,2,11
1599,2,11
1600,1,9
1601,2,9
1602,2,9
1603,1,9
1604,1,5
1605,3,3
1606,3,7
1607,3,5
1608,2,11
1609,2,11
1610,2,11
1611,2,9
1612,2,4
1613,2,8
1614,2,6
1615,3,6
1616,1,4
1617,1,8
1618,3,9
1619,2,10
1620,2,7
1621,2,8
1622,3,8
1623,3,1
1624,2,8
1625,2,8
1626,1,5
1627,3,9
1628,2,6
1629,1,5
1630,2,1
1631,1,2
1632,3,7
1633,1,4
1634,2,11
1635,3,11
1636,2,8
1637,2,9
1638,3,4
1639,2,10
1640,1,6
1641,3,4
1642,2,10
1643,2,10
1644,2,9
1645,2,11
1646,2,12
1647,1,9
1648,3,10
1649,2,8
1650,1,1
1651,2,10
1652,1,10
1653,2,11
1654,3,1
1655,3,11
1656,1,8
1657,2,9
1658,2,7
1659,2,12
1660,3,10
1661,2,11
1662,3,3
1663,2,10
1664,1,2
1665,2,7
1666,2,10
1667,2,12
1668,2,11
1669,2,11
1670,2,11
1671,3,11
1672,2,11
1673,2,10
1674,2,10
1675,3,12
1676,2,8
1677,2,12
1678,2,12
1679,2,11
1680,2,10
1681,3,9
1682,3,12
1683,2,12
1684,1,5
1685,3,9
1686,2,10
1687,2,12
1688,3,9
1689,1,2
1690,2,10
1691,2,12
1692,3,9
1693,1,9
1694,3,1
1695,2,8
1696,2,10
1697,2,11
1698,2,9
1699,2,10
1700,1,6
1701,2,12
1702,2,9
1703,3,6
1704,3,3
1705,1,5
1706,2,11
1707,1,8
1708,2,10
1709,2,10
1710,2,12
1711,1,5
1712,3,7
1713,3,9
1714,2,5
1715,2,9
1716,2,11
1717,3,8
1718,2,9
1719,3,8
1720,3,11
1721,1,4
1722,2,4
1723,1,7
1724,2,12
1725,2,7
1726,2,10
1727,2,12
1728,2,8
1729,2,10
1730,2,10
1731,1,5
1732,3,8
1733,2,5
1734,1,4
1735,1,2
1736,1,4
1737,1,8
1738,3,9
1739,2,4
1740,3,8
1741,2,9
1742,1,7
1743,1,3
1744,1,8
1745,1,4
1746,1,4
1747,1,5
1748,1,8
1749,3,9
1750,2,12
1751,2,11
1752,2,10
1753,2,11
1754,3,10
1755,2,11
1756,3,6
1757,1,3
1758,2,2
1759,2,12
1760,3,8
1761,2,9
1762,3,9
1763,3,6
1764,3,8
1765,1,7
1766,1,9
1767,1,3
1768,2,12
1769,2,7
1770,2,10
1771,1,5
1772,2,10
1773,2,8
1774,2,7
1775,3,11
1776,1,1
1777,2,11
1778,3,9
1779,3,7
1780,3,3
1781,2,8
1782,2,6
1783,2,8
1784,2,9
1785,3,8
1786,2,9
1787,3,1
1788,2,5
1789,2,12
1790,2,10
1791,1,6
1792,2,9
1793,3,7
1794,1,5
1795,2,12
1796,2,9
1797,3,7
1798,3,6
1799,2,12
1800,2,9
1801,1,7
1802,1,9
1803,1,3
1804,2,8
1805,2,3
1806,1,1
1807,1,5
1808,2,9
1809,2,7
1810,2,9
1811,2,12
1812,2,9
1813,1,9
1814,2,5
1815,2,8
1816,1,9
1817,3,6
1818,3,8
1819,3,12
1820,2,10
1821,2,9
1822,2,7
1823,3,5
1824,3,6
1825,3,5
1826,2,11
1827,1,4
1828,1,7
1829,2,10
1830,2,8
1831,3,3
1832,1,3
1833,1,3
1834,1,4
1835,2,10
1836,2,11
1837,2,8
1838,3,11
1839,1,8
1840,2,10
1841,2,11
1842,2,8
1843,3,8
1844,3,4
1845,2,12
1846,3,10
1847,2,1
1848,2,3
1849,3,8
1850,2,9
1851,2,9
1852,3,6
1853,3,6
1854,3,1
1855,3,7
1856,2,10
1857,3,10
1858,2,8
1859,2,7
1860,1,6
1861,2,7
1862,2,10
1863,2,1
1864,1,7
1865,3,9
1866,2,12
1867,2,6
1868,1,5
1869,1,7
1870,1,9
1871,1,4
1872,2,6
1873,3,10
1874,2,9
1875,1,8
1876,2,10
1877,1,4
1878,1,1
1879,2,8
1880,2,12
1881,2,8
1882,2,9
1883,1,6
1884,2,12
1885,2,8
1886,2,9
1887,3,9
1888,2,10
1889,2,7
1890,1,7
1891,2,8
1892,2,10
1893,1,4
1894,3,8
1895,3,11
1896,1,5
1897,1,3
1898,1,9
1899,3,1
1900,1,6
1901,1,6
1902,3,9
1903,3,7
1904,2,1
1905,2,6
1906,2,4
1907,2,8
1908,2,8
1909,2,7
1910,2,2
1911,1,7
1912,2,2
1913,2,6
1914,1,6
1915,3,8
1916,2,4
1917,2,4
1918,2,8
1919,1,8
1920,2,1
1921,2,9
1922,3,7
1923,3,9
1924,2,9
1925,1,7
1926,1,5
1927,3,10
1928,2,9
1929,3,7
1930,3,1
1931,1,5
1932,3,7
1933,2,11
1934,2,10
1935,2,8
1936,3,1
1937,2,3
1938,1,2
1939,1,3
1940,1,6
1941,1,8
1942,2,9
1943,2,11
1944,3,8
1945,2,9
1946,2,9
1947,2,8
1948,2,7
1949,2,7
1950,2,6
1951,3,6
1952,1,8
1953,3,12
1954,2,9
1955,2,9
1956,1,3
1957,3,10
1958,2,11
1959,1,9
1960,1,8
1961,2,11
1962,2,4
1963,1,8
1964,1,7
1965,2,9
1966,2,10
1967,2,9
1968,1,3
1969,3,8
1970,3,10
1971,3,5
1972,2,8
1973,2,10
1974,2,9
1975,1,9
1976,3,7
1977,2,8
1978,3,9
1979,1,2
1980,2,8
1981,2,10
1982,2,2
1983,1,4
1984,2,10
1985,2,10
1986,2,8
1987,2,12
1988,3,5
1989,2,6
1990,2,8
1991,2,10
1992,2,10
1993,2,9
1994,3,6
1995,1,9
1996,1,8
1997,2,11
1998,3,7
1999,1,10
2000,2,8
2001,2,4
2002,2,6
2003,1,7
2004,2,1
2005,3,10
2006,2,4
2007,2,8
2008,1,2
2009,2,8
2010,2,11
2011,2,12
2012,2,8
2013,2,8
2014,2,10
2015,2,9
2016,2,11
2017,2,11
2018,2,11
2019,1,2
2020,3,8
2021,2,10
2022,2,7
2023,2,7
2024,1,3
2025,1,9
2026,2,7
2027,2,10
2028,2,8
2029,1,8
2030,3,7
2031,3,8
2032,2,8
2033,2,10
2034,2,11
2035,2,7
2036,2,10
2037,2,3
2038,3,2
2039,2,8
2040,1,9
2041,2,9
2042,3,4
2043,1,6
2044,2,12
2045,2,11
2046,2,8
2047,1,7
2048,2,8
2049,2,8
2050,2,10
2051,2,12
2052,1,3
2053,1,7
2054,2,11
2055,2,3
2056,2,8
2057,3,8
2058,1,1
2059,3,10
2060,3,9
2061,1,4
2062,1,7
2063,3,12
2064,1,3
2065,2,9
2066,2,9
2067,2,10
2068,2,1
2069,1,7
2070,2,7
2071,3,10
2072,3,9
2073,3,8
2074,2,7
2075,1,4
2076,3,9
2077,1,8
2078,2,9
2079,2,10
2080,2,11
2081,2,12
2082,2,1
2083,2,3
2084,1,2
2085,3,7
2086,2,7
2087,3,7
2088,1,7
2089,2,9
2090,2,9
2091,2,3
2092,3,7
2093,2,4
2094,1,6
2095,3,9
2096,2,8
2097,1,9
2098,1,2
2099,2,8
2100,3,9
2101,3,2
2102,2,12
2103,2,6
2104,1,1
2105,3,7
2106,2,10
2107,1,4
2108,1,3
2109,2,8
2110,1,6
2111,2,9
2112,2,8
2113,1,6
2114,2,11
2115,3,4
2116,3,9
2117,2,12
2118,2,8
2119,1,5
2120,2,8
2121,3,8
2122,3,10
2123,1,10
2124,3,8
2125,2,8
2126,2,1
2127,3,12
2128,2,10
2129,2,9
2130,2,2
2131,2,8
2132,2,9
2133,2,1
2134,3,3
2135,2,12
2136,2,9
2137,1,9
2138,2,8
2139,3,7
2140,1,1
2141,2,10
2142,1,3
2143,2,8
2144,2,4
2145,2,8
2146,2,10
2147,2,8
2148,3,6
2149,2,10
2150,1,7
2151,1,3
2152,3,10
2153,1,5
2154,2,9
2155,3,3
2156,2,1
2157,1,8
2158,2,9
2159,1,4
2160,3,8
2161,3,10
2162,2,8
2163,2,10
2164,2,9
2165,3,6
2166,2,6
2167,2,8
2168,1,5
2169,2,4
2170,2,12
2171,2,9
2172,2,10
2173,2,2
2174,3,6
2175,3,8
2176,2,5
2177,2,7
2178,1,8
2179,3,10
2180,3,10
2181,2,11
2182,1,7
2183,1,4
2184,2,8
2185,2,7
2186,2,9
2187,2,9
2188,1,9
2189,1,8
2190,2,3
2191,3,11
2192,1,1
2193,3,4
2194,1,11
2195,1,10
2196,2,7
2197,3,4
2198,2,6
2199,2,4
2200,2,5
2201,1,7
2202,2,11
2203,2,10
2204,2,9
2205,3,8
2206,2,5
2207,1,8
2208,2,7
2209,2,8
2210,3,5
2211,2,10
2212,1,7
2213,2,9
2214,2,8
2215,3,6
2216,2,7
2217,1,2
2218,3,1
2219,3,9
2220,2,9
2221,1,5
2222,2,6
2223,3,5
2224,2,6
2225,1,4
2226,1,8
2227,3,7
2228,3,3
2229,2,8
2230,3,8
2231,1,8
2232,2,1
2233,2,9
2234,2,12
2235,1,5
2236,2,5
2237,2,7
2238,3,9
2239,2,1
2240,3,7
2241,3,6
2242,3,9
2243,2,8
2244,2,10
2245,1,1
2246,2,7
2247,2,12
2248,3,12
2249,2,9
2250,2,1
2251,3,3
2252,3,7
2253,2,10
2254,2,8
2255,2,1
2256,2,9
2257,2,11
2258,2,11
2259,2,5
2260,2,8
2261,3,11
2262,1,8
2263,3,4
2264,3,6
2265,1,8
2266,2,6
2267,1,10
2268,3,8
2269,2,3
2270,3,10
2271,2,8
2272,1,4
2273,2,12
2274,2,10
2275,3,2
2276,2,10
2277,3,4
2278,2,4
2279,2,9
2280,3,1
2281,3,1
2282,3,4
2283,3,2
2284,3,1
2285,3,6
2286,3,3
2287,3,7
2288,3,1
2289,3,1
2290,3,3
2291,3,1
2292,2,9
2293,2,1
2294,1,5
2295,2,12
2296,1,9
2297,1,10
2298,3,4
2299,3,10
2300,1,8
2301,1,10
2302,3,8
2303,2,12
2304,2,8
2305,3,10
2306,3,9
2307,1,8
2308,3,9
2309,1,5
2310,2,12
2311,2,10
2312,1,2
2313,1,1
2314,1,3
2315,2,7
2316,3,6
2317,3,9
2318,3,10
2319,2,9
2320,2,11
2321,1,3
2322,2,10
2323,1,7
2324,1,5
2325,3,8
2326,3,11
2327,2,10
2328,1,8
2329,2,6
2330,2,8
2331,2,8
2332,2,6
2333,3,10
2334,3,10
2335,2,9
2336,2,8
2337,2,6
2338,2,5
2339,2,10
2340,1,7
2341,3,9
2342,2,9
2343,1,5
2344,2,10
2345,1,8
2346,2,12
2347,2,12
2348,2,8
2349,2,1
2350,2,10
2351,3,10
2352,3,10
2353,2,6
2354,3,8
2355,2,8
2356,1,7
2357,2,12
2358,1,2
2359,1,3
2360,2,10
2361,1,7
2362,2,9
2363,1,9
2364,1,9
2365,1,6
2366,2,9
2367,3,10
2368,2,5
2369,3,5
2370,2,10
2371,2,10
2372,3,12
2373,3,7
2374,3,9
2375,3,8
2376,2,9
2377,3,11
2378,2,10
2379,2,10
2380,2,10
2381,2,9
2382,1,8
2383,2,9
2384,2,9
2385,3,7
2386,2,9
2387,2,11
2388,2,8
2389,2,8
2390,1,7
2391,1,7
2392,2,6
2393,1,7
2394,1,7
2395,1,5
2396,1,7
2397,2,7
2398,1,5
2399,2,6
2400,1,11
2401,3,6
2402,2,7
2403,2,10
2404,2,11
2405,2,5
2406,1,6
2407,2,9
2408,2,8
2409,2,8
2410,3,11
2411,2,12
2412,1,8
2413,3,8
2414,3,7
2415,2,8
2416,2,10
2417,2,11
2418,3,5
2419,1,5
2420,1,3
2421,3,8
2422,2,10
2423,3,9
2424,1,6
2425,2,10
2426,2,10
2427,2,8
2428,3,7
2429,2,9
2430,2,10
2431,1,10
2432,2,10
2433,2,9
2434,1,4
2435,1,7
2436,2,11
2437,3,7
2438,2,7
2439,1,1
2440,2,9
2441,1,9
2442,2,11
2443,2,11
2444,3,5
2445,2,8
2446,2,11
2447,2,1
2448,2,10
2449,3,4
2450,1,3
2451,1,7
2452,3,7
2453,2,7
2454,2,8
2455,1,5
2456,3,6
2457,1,10
2458,2,10
2459,1,6
2460,3,1
2461,2,9
2462,3,8
2463,3,10
2464,2,8
2465,2,8
2466,1,1
2467,2,7
2468,1,8
2469,2,11
2470,2,8
2471,2,10
2472,3,7
2473,3,6
2474,1,2
2475,1,5
2476,1,5
2477,2,9
2478,1,6
2479,3,9
2480,1,2
2481,3,7
2482,2,9
2483,2,7
2484,2,7
2485,2,1
2486,2,12
2487,3,7
2488,2,8
2489,2,9
2490,2,10
2491,3,7
2492,2,9
2493,2,11
2494,2,9
2495,2,8
2496,1,7
2497,1,9
2498,2,11
2499,1,7
2500,1,6
2501,2,9
2502,3,9
2503,2,7
2504,1,9
2505,2,11
2506,2,11
2507,2,1
2508,2,8
2509,1,2
2510,3,4
2511,2,11
2512,1,6
2513,2,12
2514,3,10
2515,2,10
2516,1,5
2517,2,6
2518,3,10
2519,1,2
2520,1,6
2521,3,7
2522,2,9
2523,1,4
2524,2,10
2525,3,2
2526,2,9
2527,3,2
2528,1,7
2529,3,7
2530,2,8
2531,2,5
2532,2,11
2533,2,8
2534,2,3
2535,1,4
2536,2,7
2537,2,11
2538,2,10
2539,2,7
2540,2,7
2541,2,10
2542,2,8
2543,2,10
2544,2,7
2545,3,2
2546,3,5
2547,1,4
2548,3,7
2549,2,9
2550,3,6
2551,3,8
2552,2,9
2553,1,7
2554,2,3
2555,2,7
2556,2,2
2557,3,8
2558,3,9
2559,2,2
2560,2,8
2561,1,1
2562,3,5
2563,2,11
2564,2,11
2565,2,11
2566,3,8
2567,2,5
2568,3,5
2569,2,10
2570,1,3
2571,2,11
2572,2,10
2573,2,9
2574,2,3
2575,2,9
2576,2,7
2577,2,11
2578,1,7
2579,3,9
2580,3,1
2581,2,11
2582,1,7
2583,2,8
2584,2,9
2585,1,7
2586,2,8
2587,1,5
2588,2,10
2589,1,10
2590,2,11
2591,2,12
2592,3,5
2593,2,4
2594,2,9
2595,1,6
2596,2,7
2597,1,10
2598,2,8
2599,3,9
2600,1,9
2601,2,7
2602,2,12
2603,3,11
2604,3,9
2605,3,1
2606,2,10
2607,3,10
2608,3,12
2609,2,6
2610,1,7
2611,2,10
2612,2,9
2613,2,11
2614,3,7
2615,2,7
2616,2,9
2617,2,9
2618,2,8
2619,1,3
2620,2,10
2621,2,7
2622,1,1
2623,2,7
2624,3,7
2625,3,6
2626,2,5
2627,2,7
2628,2,7
2629,2,9
2630,2,5
2631,2,8
2632,2,9
2633,2,1
2634,2,12
2635,3,8
2636,2,10
2637,2,10
2638,2,11
2639,1,6
2640,3,10
2641,2,12
2642,1,5
2643,1,5
2644,3,7
2645,2,12
2646,1,1
2647,2,7
2648,1,5
2649,2,10
2650,1,8
2651,2,6
2652,2,10
2653,3,8
2654,2,10
2655,1,3
2656,3,10
2657,3,5
2658,2,9
2659,1,4
2660,1,8
2661,2,7
2662,2,2
2663,2,8
2664,2,10
2665,2,8
2666,2,8
2667,3,10
2668,1,8
2669,3,2
2670,1,3
2671,2,2
2672,2,12
2673,2,5
2674,3,7
2675,2,7
2676,1,3
2677,2,12
2678,3,11
2679,2,8
2680,3,11
2681,3,8
2682,1,5
2683,1,8
2684,1,2
2685,2,8
2686,3,8
2687,2,10
2688,1,4
2689,3,2
2690,2,9
2691,2,6
2692,3,7
2693,1,7
2694,1,3
2695,2,12
2696,1,8
2697,2,12
2698,2,8
2699,3,7
2700,2,8
2701,3,4
2702,2,9
2703,2,7
2704,2,5
2705,1,2
2706,2,12
2707,1,8
2708,3,6
2709,2,1
2710,1,3
2711,2,11
2712,2,7
2713,2,11
2714,2,4
2715,3,11
2716,2,11
2717,2,5
2718,3,9
2719,1,4
2720,2,12
2721,2,10
2722,3,10
2723,2,9
2724,1,6
2725,2,7
2726,2,7
2727,1,6
2728,3,11
2729,3,5
2730,1,7
2731,2,10
2732,3,9
2733,1,2
2734,2,8
2735,1,5
2736,2,11
2737,2,8
2738,2,9
2739,3,12
2740,2,7
2741,1,2
2742,1,8
2743,2,11
2744,2,1
2745,2,8
2746,3,8
2747,2,9
2748,2,11
2749,2,10
2750,3,10
2751,1,7
2752,3,8
2753,2,9
2754,2,7
2755,1,6
2756,3,9
2757,3,8
2758,2,9
2759,3,3
2760,1,3
2761,2,9
2762,3,7
2763,3,10
2764,1,1
2765,1,8
2766,2,9
2767,2,10
2768,2,12
2769,2,11
2770,2,6
2771,2,4
2772,2,9
2773,3,7
2774,3,1
2775,1,8
2776,1,7
2777,2,8
2778,2,5
2779,2,7
2780,1,2
2781,3,7
2782,2,8
2783,2,9
2784,1,7
2785,1,6
2786,1,9
2787,3,9
2788,3,10
2789,2,11
2790,2,8
2791,2,8
2792,3,9
2793,3,8
2794,2,8
2795,3,3
2796,2,2
2797,3,7
2798,3,5
2799,2,9
2800,2,5
2801,3,3
2802,3,1
2803,3,6
2804,2,8
2805,2,7
2806,3,5
2807,2,6
2808,2,9
2809,3,12
2810,3,8
2811,2,9
2812,2,10
2813,2,9
2814,1,6
2815,3,5
2816,1,9
2817,2,10
2818,1,4
2819,2,10
2820,2,8
2821,2,11
2822,3,12
2823,2,6
2824,3,10
2825,2,9
2826,3,10
2827,2,11
2828,3,10
2829,2,8
2830,3,10
2831,2,12
2832,3,8
2833,2,4
2834,2,7
2835,2,8
2836,2,9
2837,3,8
2838,1,8
2839,2,7
2840,3,3
2841,2,7
2842,2,12
2843,2,8
2844,2,7
2845,1,7
2846,3,10
2847,2,9
2848,3,12
2849,2,8
2850,2,9
2851,2,8
2852,3,9
2853,2,10
2854,2,4
2855,2,10
2856,2,10
2857,1,6
2858,2,10
2859,1,7
2860,2,7
2861,1,9
2862,2,10
2863,2,3
2864,3,6
2865,2,9
2866,2,7
2867,2,6
2868,2,10
2869,2,9
2870,2,7
2871,2,12
2872,1,8
2873,2,8
2874,3,7
2875,1,9
2876,2,10
2877,1,5
2878,2,6
2879,3,9
2880,2,9
2881,2,11
2882,1,3
2883,2,8
2884,2,9
2885,2,8
2886,2,11
2887,2,10
2888,2,7
2889,3,5
2890,2,11
2891,2,11
2892,2,7
2893,2,8
2894,1,4
2895,2,9
2896,3,4
2897,3,10
2898,2,7
2899,2,1
2900,2,7
2901,1,3
2902,2,9
2903,2,8
2904,2,9
2905,2,5
2906,2,4
2907,3,10
2908,3,8
2909,3,9
2910,3,10
2911,3,10
2912,2,11
2913,3,5
2914,2,9
2915,1,4
2916,1,8
2917,1,6
2918,1,8
2919,1,9
2920,2,8
2921,1,9
2922,1,4
2923,2,2
2924,3,10
2925,2,8
2926,1,12
2927,3,11
2928,2,10
2929,1,3
2930,2,10
2931,1,5
2932,1,3
2933,3,5
2934,2,2
2935,2,9
2936,2,10
2937,3,8
2938,1,7
2939,2,9
2940,1,3
2941,1,1
2942,2,5
2943,1,3
2944,2,10
2945,2,9
2946,3,10
2947,1,3
2948,1,9
2949,3,5
2950,3,6
2951,3,8
2952,2,10
2953,3,7
2954,3,8
2955,2,9
2956,2,9
2957,2,8
2958,2,8
2959,1,5
2960,2,4
2961,3,8
2962,2,11
2963,2,10
2964,2,10
2965,2,5
2966,2,9
2967,1,3
2968,1,8
2969,2,9
2970,2,8
2971,2,12
2972,2,9
2973,3,11
2974,3,7
2975,2,9
2976,3,9
2977,3,4
2978,2,9
2979,3,6
2980,3,6
2981,2,9
2982,3,9
2983,3,9
2984,2,11
2985,2,10
2986,2,9
2987,2,8
2988,3,10
2989,2,10
2990,2,12
2991,2,4
2992,3,5
2993,2,9
2994,2,8
2995,2,7
2996,1,7
2997,1,3
2998,1,7
2999,3,8
3000,2,10
3001,2,10
3002,2,2
3003,2,8
3004,3,9
3005,2,10
3006,2,7
3007,2,10
3008,2,7
3009,3,7
3010,2,8
3011,2,12
3012,3,2
3013,1,7
3014,2,10
3015,1,9
3016,2,10
3017,3,9
3018,2,9
3019,2,9
3020,1,1
3021,3,4
3022,1,8
3023,2,9
3024,3,6
3025,2,11
3026,2,9
3027,1,3
3028,1,2
3029,2,10
3030,2,5
3031,1,1
3032,1,6
3033,3,7
3034,3,6
3035,2,11
3036,2,8
3037,2,11
3038,1,5
3039,2,8
3040,2,9
3041,1,7
3042,1,2
3043,2,8
3044,3,12
3045,1,1
3046,2,8
3047,2,10
3048,3,1
3049,3,3
3050,2,6
3051,2,11
3052,2,9
3053,2,5
3054,1,3
3055,1,6
3056,3,8
3057,2,10
3058,2,12
3059,3,7
3060,2,8
3061,2,8
3062,1,2
3063,1,6
3064,3,8
3065,2,11
3066,3,10
3067,3,6
3068,3,7
3069,3,4
3070,2,9
3071,2,9
3072,2,5
3073,3,10
3074,2,9
3075,3,8
3076,2,10
3077,2,10
3078,2,6
3079,2,9
3080,3,8
3081,3,6
3082,2,8
3083,2,9
3084,1,4
3085,3,8
3086,1,7
3087,2,8
3088,2,8
3089,1,7
3090,3,8
3091,3,7
3092,1,4
3093,3,9
3094,2,8
3095,3,10
3096,2,7
3097,2,5
3098,1,4
3099,1,7
3100,2,11
3101,2,12
3102,2,6
3103,1,7
3104,1,3
3105,1,7
3106,2,6
3107,1,3
3108,1,2
3109,2,9
3110,1,3
3111,2,11
3112,3,11
3113,2,7
3114,2,5
3115,3,7
3116,3,8
3117,3,7
3118,1,8
3119,1,9
3120,2,5
3121,2,7
3122,2,9
3123,2,6
3124,2,6
3125,2,8
3126,3,5
3127,3,6
3128,3,1
3129,1,2
3130,1,4
3131,3,10
3132,2,6
3133,2,8
3134,2,1
3135,2,10
3136,2,7
3137,3,8
3138,2,10
3139,3,7
3140,2,10
3141,1,9
3142,2,9
3143,3,8
3144,3,9
3145,2,7
3146,2,5
3147,3,7
3148,2,9
3149,3,10
3150,2,9
3151,1,8
3152,1,7
3153,2,9
3154,2,10
3155,2,7
3156,2,10
3157,2,7
3158,1,9
3159,3,7
3160,2,10
3161,3,9
3162,2,11
3163,2,10
3164,2,9
3165,2,9
3166,2,8
3167,3,8
3168,1,7
3169,3,7
3170,3,8
3171,2,1
3172,1,3
3173,3,2
3174,2,12
3175,3,9
3176,3,4
3177,2,10
3178,1,7
3179,2,9
3180,2,9
3181,2,2
3182,2,11
3183,3,10
3184,2,10
3185,2,7
3186,3,9
3187,2,7
3188,3,9
3189,1,3
3190,3,9
3191,1,4
3192,3,2
3193,2,10
3194,1,9
3195,2,8
3196,3,7
3197,2,8
3198,3,8
3199,1,7
3200,1,7
3201,2,8
3202,2,9
3203,1,8
3204,1,6
3205,2,10
3206,2,9
3207,2,1
3208,3,2
3209,1,7
3210,3,5
3211,3,8
3212,2,12
3213,3,11
3214,1,3
3215,2,11
3216,1,7
3217,2,11
3218,1,4
3219,2,7
3220,2,10
3221,1,8
3222,1,9
3223,2,9
3224,3,8
3225,2,11
3226,3,7
3227,3,7
3228,2,1
3229,3,1
3230,3,5
3231,3,8
3232,3,10
3233,3,7
3234,3,8
3235,3,9
3236,3,4
3237,2,8
3238,2,4
3239,3,7
3240,2,8
3241,1,7
3242,3,8
3243,3,7
3244,3,9
3245,2,8
3246,1,12
3247,3,5
3248,3,7
3249,2,4
3250,1,5
3251,2,10
3252,2,12
3253,2,8
3254,1,6
3255,3,10
3256,1,9
3257,2,7
3258,2,9
3259,1,3
3260,1,4
3261,2,8
3262,1,8
3263,2,9
3264,2,11
3265,3,8
3266,2,12
3267,2,4
3268,3,5
3269,2,9
3270,3,10
3271,2,10
3272,3,3
3273,3,12
3274,2,10
3275,2,11
3276,1,2
3277,2,7
3278,1,8
3279,2,9
3280,2,11
3281,1,1
3282,2,10
3283,2,8
3284,3,10
3285,3,9
3286,3,7
3287,2,11
3288,2,9
3289,2,12
3290,3,8
3291,2,11
3292,2,10
3293,2,11
3294,3,4
3295,3,4
3296,2,11
3297,3,6
3298,3,7
3299,3,6
3300,2,9
3301,2,8
3302,2,9
3303,3,10
3304,1,8
3305,2,10
3306,2,9
3307,1,2
3308,2,12
3309,1,6
3310,2,8
3311,1,7
3312,1,2
3313,2,10
3314,2,10
3315,3,7
3316,2,9
3317,3,7
3318,2,1
3319,3,7
3320,3,10
3321,2,11
3322,2,10
3323,1,7
3324,3,9
3325,2,2
3326,2,9
3327,3,4
3328,1,6
3329,2,8
3330,2,12
3331,3,3
3332,2,11
3333,2,10
3334,2,12
3335,1,1
3336,1,1
3337,1,4
3338,2,6
3339,3,3
3340,2,11
3341,2,12
3342,2,9
3343,3,8
3344,2,12
3345,1,2
3346,1,2
3347,3,10
3348,2,1
3349,3,9
3350,2,10
3351,1,7
3352,3,5
3353,2,8
3354,3,10
3355,1,4
3356,3,8
3357,1,4
3358,2,9
3359,3,7
3360,2,10
3361,2,9
3362,1,9
3363,1,5
3364,2,6
3365,2,9
3366,2,7
3367,3,2
3368,2,8
3369,1,1
3370,2,12
3371,1,4
3372,2,12
3373,2,10
3374,2,8
3375,2,10
3376,2,9
3377,1,9
3378,3,8
3379,3,11
3380,3,5
3381,3,3
3382,3,10
3383,3,8
3384,1,8
3385,2,9
3386,2,1
3387,2,9
3388,2,6
3389,3,9
3390,3,8
3391,3,7
3392,2,11
3393,2,12
3394,2,10
3395,3,8
3396,2,10
3397,1,8
3398,2,9
3399,2,9
3400,3,10
3401,2,10
3402,2,1
3403,3,5
3404,2,11
3405,1,6
3406,2,9
3407,3,10
3408,1,8
3409,1,1
3410,2,10
3411,3,5
3412,2,8
3413,2,10
3414,2,7
3415,2,7
3416,3,7
3417,3,12
3418,2,1
3419,1,7
3420,1,5
3421,2,10
3422,2,10
3423,3,9
3424,3,8
3425,3,7
3426,2,8
3427,2,9
3428,2,3
3429,2,1
3430,2,12
3431,3,1
3432,1,7
3433,3,8
3434,3,11
3435,1,3
3436,2,10
3437,3,6
3438,2,7
3439,3,8
3440,2,12
3441,3,9
3442,2,8
3443,2,3
3444,3,8
3445,3,4
3446,1,4
3447,3,8
3448,2,9
3449,2,10
3450,1,3
3451,2,5
3452,2,10
3453,1,9
3454,1,9
3455,1,4
3456,2,11
3457,3,8
3458,2,9
3459,1,10
3460,3,10
3461,2,9
3462,3,1
3463,2,11
3464,2,10
3465,2,12
3466,3,11
3467,1,6
3468,2,12
3469,1,3
3470,3,11
3471,2,7
3472,2,3
3473,3,7
3474,1,1
3475,2,10
3476,2,11
3477,2,7
3478,2,1
3479,3,9
3480,2,10
3481,3,7
3482,1,8
3483,1,5
3484,1,6
3485,2,8
3486,2,8
3487,3,9
3488,2,10
3489,2,11
3490,2,10
3491,3,10
3492,3,9
3493,2,10
3494,2,10
3495,2,9
3496,2,9
3497,3,5
3498,3,4
3499,1,9
3500,2,10
3501,2,11
3502,2,10
3503,2,11
3504,3,10
3505,2,10
3506,2,7
3507,3,3
3508,3,10
3509,3,9
3510,2,2
3511,3,4
3512,2,10
3513,2,9
3514,3,7
3515,1,5
3516,2,10
3517,1,8
3518,2,8
3519,2,5
3520,2,12
3521,2,11
3522,2,11
3523,2,10
3524,2,2
3525,1,3
3526,2,9
3527,3,9
3528,2,10
3529,2,7
3530,2,8
3531,2,10
3532,3,6
3533,2,5
3534,3,1
3535,2,6
3536,3,10
3537,2,7
3538,2,9
3539,1,7
3540,1,8
3541,2,9
3542,1,2
3543,1,4
3544,1,4
3545,3,9
3546,2,12
3547,3,10
3548,3,8
3549,2,9
3550,2,8
3551,1,6
3552,2,7
3553,3,10
3554,2,11
3555,2,12
3556,3,12
3557,1,4
3558,1,10
3559,1,7
3560,1,2
3561,1,7
3562,2,9
3563,1,7
3564,2,12
3565,2,12
3566,2,9
3567,1,5
3568,1,9
3569,2,8
3570,3,2
3571,3,2
3572,2,8
3573,1,7
3574,1,3
3575,2,4
3576,2,4
3577,1,4
3578,2,9
3579,2,6
3580,3,7
3581,3,9
3582,2,10
3583,2,10
3584,1,7
3585,3,12
3586,2,10
3587,2,8
3588,2,10
3589,1,8
3590,2,11
3591,2,2
3592,1,6
3593,3,8
3594,3,10
3595,2,10
3596,3,11
3597,2,7
3598,2,2
3599,2,12
3600,3,8
3601,2,7
3602,2,6
3603,2,2
3604,2,8
3605,1,7
3606,3,7
3607,2,11
3608,2,10
3609,2,9
3610,3,10
3611,1,8
3612,3,12
3613,3,7
3614,2,8
3615,1,7
3616,3,6
3617,2,10
3618,3,8
3619,2,8
3620,1,8
3621,2,3
3622,2,10
3623,2,1
3624,2,4
3625,2,4
3626,2,8
3627,2,9
3628,2,9
3629,2,5
3630,2,10
3631,1,8
3632,3,7
3633,2,11
3634,2,8
3635,2,9
3636,1,2
3637,2,8
3638,2,11
3639,2,7
3640,2,6
3641,2,10
3642,2,4
3643,3,5
3644,2,10
3645,3,2
3646,3,3
3647,1,8
3648,3,10
3649,2,9
3650,2,12
3651,2,12
3652,2,4
3653,1,9
3654,2,10
3655,1,3
3656,2,9
3657,1,7
3658,3,8
3659,1,3
3660,2,10
3661,2,8
3662,3,9
3663,3,12
3664,2,9
3665,3,1
3666,3,7
3667,3,10
3668,2,5
3669,2,8
3670,1,8
3671,2,10
3672,2,10
3673,3,3
3674,3,4
3675,1,5
3676,2,12
3677,2,10
3678,2,9
3679,2,5
3680,1,5
3681,2,10
3682,1,3
3683,2,9
3684,3,3
3685,2,11
3686,3,6
3687,2,8
3688,3,5
3689,3,6
3690,2,9
3691,3,6
3692,2,9
3693,3,7
3694,3,11
3695,2,8
3696,2,8
3697,2,12
3698,1,8
3699,3,5
3700,1,3
3701,2,10
3702,2,7
3703,2,7
3704,3,3
3705,2,9
3706,3,9
3707,3,10
3708,1,6
3709,3,10
3710,2,9
3711,1,5
3712,2,9
3713,1,5
3714,2,4
3715,3,6
3716,2,12
3717,3,7
3718,1,9
3719,2,2
3720,3,10
3721,3,4
3722,3,10
3723,2,11
3724,3,5
3725,2,12
3726,2,8
3727,3,8
3728,2,10
3729,3,10
3730,1,4
3731,2,9
3732,2,9
3733,2,8
3734,1,8
3735,2,11
3736,2,8
3737,2,8
3738,2,10
3739,3,9
3740,2,1
3741,2,10
3742,3,7
3743,3,10
3744,2,7
3745,2,1
3746,2,10
3747,3,7
3748,2,8
3749,2,12
3750,2,4
3751,1,6
3752,2,9
3753,2,7
3754,2,8
3755,2,9
3756,1,9
3757,2,11
3758,2,10
3759,3,7
3760,3,11
3761,2,3
3762,2,9
3763,3,5
3764,3,4
3765,2,11
3766,3,6
3767,2,7
3768,1,7
3769,2,10
3770,2,10
3771,2,9
3772,2,10
3773,1,7
3774,3,8
3775,1,5
3776,3,6
3777,1,7
3778,3,4
3779,3,11
3780,2,8
3781,1,7
3782,2,7
3783,3,11
3784,2,9
3785,2,10
3786,2,11
3787,2,10
3788,2,3
3789,3,9
3790,3,3
3791,3,8
3792,1,3
3793,2,10
3794,3,10
3795,2,9
3796,2,1
3797,2,9
3798,3,9
3799,3,12
3800,1,7
3801,2,7
3802,2,7
3803,3,6
3804,2,6
3805,2,9
3806,1,5
3807,1,6
3808,3,3
3809,3,12
3810,2,7
3811,2,9
3812,2,11
3813,2,1
3814,3,7
3815,3,5
3816,2,9
3817,3,1
3818,2,12
3819,2,8
3820,2,10
3821,2,7
3822,2,1
3823,3,10
3824,2,8
3825,2,7
3826,3,7
3827,3,5
3828,3,9
3829,3,8
3830,1,6
3831,2,6
3832,2,9
3833,2,10
3834,3,7
3835,3,6
3836,3,6
3837,3,10
3838,3,8
3839,2,11
3840,3,3
3841,3,3
3842,2,11
3843,1,8
3844,1,7
3845,1,8
3846,1,7
3847,2,8
3848,2,11
3849,2,10
3850,1,11
3851,1,3
3852,1,4
3853,1,8
3854,1,4
3855,1,4
3856,2,7
3857,2,7
3858,2,9
3859,2,7
3860,2,8
3861,2,3
3862,3,10
3863,1,8
3864,1,3
3865,2,1
3866,1,2
3867,3,9
3868,2,5
3869,2,7
3870,2,8
3871,1,4
3872,2,10
3873,2,9
3874,2,7
3875,2,7
3876,3,2
3877,2,6
3878,3,9
3879,2,11
3880,2,8
3881,2,3
3882,2,9
3883,2,9
3884,2,4
3885,2,11
3886,1,1
3887,1,6
3888,3,12
3889,2,1
3890,2,9
3891,2,5
3892,2,9
3893,3,7
3894,3,8
3895,2,10
3896,2,8
3897,1,5
3898,3,9
3899,3,6
3900,2,12
3901,2,2
3902,2,1
3903,1,3
3904,3,4
3905,3,7
3906,2,11
3907,2,9
3908,3,10
3909,2,9
3910,3,8
3911,2,8
3912,1,9
3913,2,10
3914,2,11
3915,2,7
3916,2,8
3917,1,4
3918,2,5
3919,3,10
3920,2,9
3921,2,12
3922,1,1
3923,1,8
3924,3,10
3925,2,11
3926,2,9
3927,2,9
3928,2,10
3929,1,8
3930,2,9
3931,2,9
3932,2,8
3933,3,2
3934,1,6
3935,3,10
3936,3,10
3937,2,8
3938,2,10
3939,2,11
3940,2,9
3941,1,2
3942,2,11
3943,1,8
3944,2,12
3945,1,7
3946,2,8
3947,2,4
3948,3,9
3949,3,2
3950,1,7
3951,1,7
3952,3,10
3953,3,5
3954,1,5
3955,3,2
3956,1,8
3957,2,11
3958,3,3
3959,3,7
3960,3,9
3961,2,10
3962,2,7
3963,2,2
3964,2,9
3965,2,7
3966,3,10
3967,2,8
3968,2,12
3969,2,5
3970,3,7
3971,2,8
3972,3,11
3973,2,10
3974,3,8
3975,2,9
3976,3,7
3977,3,11
3978,2,7
3979,2,8
3980,2,10
3981,3,9
3982,2,9
3983,2,10
3984,2,10
3985,1,5
3986,2,9
3987,1,10
3988,2,11
3989,2,2
3990,2,8
3991,1,5
3992,2,11
3993,3,6
3994,3,2
3995,2,12
3996,3,6
3997,2,2
3998,2,6
3999,3,3
4000,1,6
4001,2,10
4002,1,7
4003,2,7
